ind_id;ind_in_id;ind_it_id;ind_qty;ind_total
1;41;41;1841;35325
2;1438;1438;795;18649
3;704;704;1561;42754
4;9929;9929;8952;5430
5;9514;9514;5247;48808
6;1204;1204;7947;33426
7;1702;1702;6804;6421
8;2372;2372;1217;31170
9;73;73;4064;26506
10;9272;9272;1833;27604
11;9773;9773;7383;23750
12;2415;2415;1642;47247
13;9450;9450;5447;11605
14;237;237;2544;38736
15;7318;7318;3956;4780
16;9446;9446;4321;2832
17;122;122;4665;44343
18;2311;2311;4933;5663
19;9413;9413;9187;47284
20;1524;1524;9697;17840
21;2041;2041;3938;26334
22;1041;1041;2584;25186
23;133;133;6823;42565
24;1768;1768;0;31027
25;9557;9557;2712;8275
26;1572;1572;675;47861
27;605;605;3140;28552
28;9932;9932;7113;30085
29;1984;1984;9821;8899
30;189;189;9018;18360
31;344;344;5619;38892
32;307;307;4087;34635
33;119;119;4293;11524
34;331;331;8284;5289
35;9252;9252;807;35807
36;9474;9474;3670;3535
37;2761;2761;273;1643
38;9401;9401;2045;33568
39;1397;1397;9899;5700
40;362;362;9428;25986
41;2393;2393;9520;46892
42;9276;9276;1701;15104
43;384;384;242;2110
44;1558;1558;4701;18295
45;1895;1895;2527;34248
46;9320;9320;1577;32160
47;9701;9701;7626;42899
48;9283;9283;5178;32275
49;1172;1172;6298;32633
50;5593;5593;5550;38715
51;9746;9746;6421;38890
52;9926;9926;6616;3666
53;375;375;6226;6299
54;1913;1913;3992;7597
55;8965;8965;9483;5067
56;395;395;9012;10138
57;9817;9817;9257;26083
58;8;8;3973;11726
59;2030;2030;8849;47154
60;9598;9598;8277;947
61;125;125;2106;4874
62;411;411;833;26336
63;198;198;6983;22270
64;213;213;2199;8145
65;372;372;8446;38711
66;9824;9824;7747;39114
67;819;819;3090;35722
68;1053;1053;3358;6316
69;1096;1096;4640;2928
70;9882;9882;8875;1245
71;983;983;3683;1189
72;9425;9425;2276;10775
73;195;195;4766;49963
74;1751;1751;5505;21298
75;2711;2711;9667;20947
76;9498;9498;7995;11229
77;9765;9765;3695;23076
78;5195;5195;7884;24269
79;733;733;4295;46779
80;9573;9573;1134;26115
81;9971;9971;3049;4961
82;9881;9881;7963;46277
83;488;488;814;47451
84;9757;9757;4271;20184
85;914;914;2596;29470
86;9772;9772;0;35226
87;2136;2136;9003;28336
88;241;241;7861;3927
89;15;15;300;221
90;1607;1607;8802;25668
91;1494;1494;1796;27451
92;9637;9637;4413;39916
93;170;170;6301;36413
94;1325;1325;3196;4753
95;258;258;1622;21111
96;814;814;7321;20556
97;9784;9784;8686;42834
98;3723;3723;4719;43964
99;9354;9354;8044;29584
100;409;409;6255;45133
101;1069;1069;4781;46437
102;9852;9852;8488;36582
103;328;328;4267;29346
104;9660;9660;538;31388
105;9689;9689;7424;37525
106;2511;2511;1867;28115
107;9912;9912;4145;3703
108;645;645;1850;35001
109;9724;9724;721;36649
110;846;846;4325;43838
111;9936;9936;1487;37062
112;981;981;5316;1814
113;1519;1519;1373;14947
114;9210;9210;9678;21039
115;71;71;7714;45985
116;614;614;5227;8597
117;294;294;4144;28884
118;1079;1079;19;2085
119;491;491;2711;28675
120;1400;1400;9603;3484
121;9599;9599;9444;10778
122;1464;1464;9886;31795
123;125;125;2789;6095
124;9764;9764;4557;27260
125;215;215;2843;23794
126;751;751;4462;11272
127;9472;9472;7382;24361
128;9525;9525;9080;45209
129;332;332;3144;186
130;1036;1036;8184;390
131;955;955;981;18394
132;1952;1952;3275;29111
133;343;343;5652;44685
134;525;525;1628;1645
135;349;349;9515;0
136;1537;1537;2647;29677
137;418;418;8783;18379
138;9754;9754;7425;16931
139;597;597;3391;16063
140;125;125;2404;32658
141;14;14;8452;1355
142;972;972;7153;31523
143;1115;1115;7140;43335
144;1499;1499;5976;17277
145;9390;9390;7314;6382
146;9676;9676;6480;38606
147;262;262;0;25637
148;87;87;3039;24969
149;9869;9869;6624;15373
150;795;795;5482;0
151;564;564;6395;8768
152;9399;9399;3177;12514
153;2726;2726;8667;41671
154;732;732;2007;40748
155;1374;1374;8441;15289
156;2156;2156;6812;26100
157;606;606;4895;34354
158;229;229;5699;14642
159;524;524;9710;30487
160;163;163;7695;2085
161;2799;2799;2961;7594
162;2310;2310;4485;26253
163;1046;1046;5065;3753
164;971;971;8706;8493
165;2129;2129;2537;34814
166;942;942;3344;36258
167;1028;1028;8213;25443
168;34;34;9664;7950
169;108;108;9746;7129
170;9418;9418;162;13301
171;923;923;5067;41361
172;1038;1038;6445;27605
173;9655;9655;6719;41666
174;9973;9973;6628;12821
175;1267;1267;307;19427
176;9458;9458;1151;27320
177;1118;1118;2291;21960
178;1065;1065;2746;17443
179;5987;5987;0;14518
180;476;476;6814;49712
181;226;226;7244;38654
182;1626;1626;6364;48157
183;9688;9688;1423;36303
184;3174;3174;757;8987
185;9987;9987;3598;36441
186;448;448;6750;37672
187;9897;9897;5006;0
188;682;682;2315;8719
189;9560;9560;1268;27646
190;9982;9982;7212;13822
191;944;944;4817;18584
192;9289;9289;4619;17291
193;321;321;6949;15035
194;207;207;9073;37892
195;1034;1034;9731;14845
196;354;354;430;8468
197;256;256;7919;6405
198;289;289;3386;47601
199;9568;9568;8447;23030
200;790;790;4602;8520
201;9758;9758;2631;31018
202;909;909;9102;30939
203;1215;1215;6816;30655
204;1113;1113;3294;18507
205;3207;3207;6461;11667
206;121;121;415;24011
207;9933;9933;9951;31162
208;327;327;6459;20848
209;9551;9551;2038;28850
210;3541;3541;1699;21321
211;382;382;7289;37969
212;1624;1624;4521;4139
213;9565;9565;2148;16910
214;6340;6340;8885;123
215;934;934;2466;30774
216;9736;9736;1330;13431
217;9855;9855;1538;9437
218;116;116;3727;39949
219;2409;2409;1467;44765
220;585;585;1956;22051
221;9669;9669;7531;47142
222;9836;9836;1029;27539
223;9804;9804;6944;47797
224;2360;2360;2452;44128
225;9454;9454;4928;38544
226;4489;4489;5543;46010
227;2198;2198;8119;26326
228;82;82;7373;39713
229;9511;9511;6989;26820
230;186;186;6198;4352
231;3781;3781;2389;13021
232;935;935;7766;29718
233;341;341;3844;48930
234;553;553;8144;8923
235;9825;9825;4182;33499
236;9908;9908;8142;18773
237;202;202;9548;7998
238;27;27;8129;29649
239;710;710;4296;24635
240;1860;1860;3183;34975
241;6240;6240;6800;5279
242;1563;1563;8548;16823
243;778;778;276;29868
244;3466;3466;9569;6325
245;46;46;9923;25852
246;1320;1320;295;14445
247;655;655;2470;380
248;9760;9760;8064;14911
249;1477;1477;6606;7118
250;725;725;8400;1413
251;9566;9566;8892;49031
252;271;271;4191;16456
253;9402;9402;1918;2835
254;128;128;6491;978
255;727;727;7072;11377
256;2621;2621;1602;3478
257;964;964;2157;33142
258;9625;9625;4364;36527
259;3001;3001;8366;29963
260;617;617;918;15657
261;308;308;2297;47685
262;9626;9626;2577;41448
263;144;144;9470;44027
264;648;648;5841;24497
265;2125;2125;9311;8299
266;253;253;9524;8250
267;9264;9264;677;0
268;651;651;4005;5209
269;518;518;4703;7987
270;716;716;4324;16623
271;9793;9793;1783;12000
272;345;345;3409;5432
273;9665;9665;9431;29787
274;9364;9364;8285;15313
275;9532;9532;5157;9790
276;660;660;8983;16772
277;1152;1152;752;30318
278;731;731;7376;47671
279;696;696;2529;41471
280;150;150;4633;18275
281;893;893;3072;24099
282;413;413;54;45629
283;169;169;766;11414
284;47;47;8589;32595
285;16;16;7306;25407
286;1811;1811;8198;5320
287;804;804;5847;46565
288;665;665;7353;26882
289;602;602;1072;47951
290;1002;1002;2580;47545
291;333;333;5985;30021
292;178;178;5184;35631
293;9838;9838;9763;21471
294;3562;3562;3378;49685
295;1515;1515;885;8978
296;1754;1754;4222;37290
297;137;137;9078;13830
298;389;389;4436;22796
299;9738;9738;257;5371
300;1428;1428;399;48025
301;9888;9888;9619;17602
302;317;317;8466;9236
303;12;12;3361;42392
304;56;56;2282;48287
305;9927;9927;6617;45117
306;9786;9786;5482;45981
307;63;63;4760;19244
308;9827;9827;3634;1142
309;337;337;1334;43045
310;9972;9972;8089;34205
311;4442;4442;849;31059
312;831;831;4782;5807
313;9614;9614;1834;41670
314;423;423;3733;18252
315;1584;1584;7846;5864
316;9909;9909;2242;20027
317;206;206;1811;36270
318;1365;1365;880;8853
319;2251;2251;8535;18620
320;9453;9453;1113;19176
321;3214;3214;3676;11734
322;9113;9113;3324;31368
323;298;298;2932;7257
324;600;600;2123;10441
325;9851;9851;8340;36602
326;11;11;6600;26369
327;350;350;3646;33961
328;5;5;6053;30102
329;9795;9795;7399;6335
330;5015;5015;935;22499
331;402;402;9906;2942
332;356;356;6317;7522
333;9510;9510;7118;42300
334;1777;1777;2130;43446
335;1803;1803;5014;673
336;1390;1390;4606;14862
337;275;275;6694;3236
338;249;249;8485;13126
339;5058;5058;1972;37477
340;8669;8669;1824;29425
341;216;216;3437;36076
342;9640;9640;2213;45422
343;9634;9634;6019;33837
344;6511;6511;2984;13746
345;171;171;1730;16486
346;3227;3227;1202;24214
347;9921;9921;3349;43960
348;9301;9301;6030;3218
349;192;192;5533;43820
350;279;279;8644;38950
351;1693;1693;2410;1019
352;9550;9550;0;4976
353;9895;9895;8197;4176
354;9670;9670;5902;36194
355;9432;9432;9145;36291
356;859;859;6724;36234
357;1688;1688;6295;1979
358;763;763;5534;31950
359;672;672;1238;11685
360;734;734;3942;18748
361;9711;9711;17;12019
362;48;48;1836;39141
363;9989;9989;8708;44807
364;1470;1470;6235;20545
365;809;809;399;31262
366;9802;9802;8184;23536
367;938;938;4532;13507
368;586;586;7665;48224
369;891;891;9705;17579
370;9624;9624;8719;41001
371;9659;9659;3239;16790
372;231;231;5549;23144
373;2484;2484;3327;21375
374;599;599;8909;39194
375;3324;3324;6710;33100
376;533;533;7677;16312
377;1910;1910;1463;47530
378;89;89;7305;43510
379;1281;1281;9949;43955
380;473;473;392;12388
381;9540;9540;7138;32408
382;9690;9690;3250;30743
383;339;339;7617;36281
384;1342;1342;519;17384
385;646;646;8756;21480
386;537;537;8525;47966
387;391;391;1708;3346
388;9863;9863;415;6105
389;322;322;7974;7154
390;83;83;5406;14439
391;126;126;8720;12883
392;7763;7763;9073;21285
393;587;587;5456;1441
394;102;102;4542;18729
395;123;123;1955;17406
396;573;573;9989;46935
397;93;93;4729;614
398;1376;1376;5978;13291
399;9231;9231;5620;32483
400;359;359;4800;42949
401;2167;2167;7199;10706
402;432;432;3538;45736
403;115;115;3644;35639
404;1423;1423;7312;2818
405;217;217;2293;22159
406;3699;3699;3095;27875
407;1186;1186;9083;33600
408;1963;1963;9289;14981
409;812;812;9192;3093
410;1081;1081;1467;19979
411;101;101;5260;38703
412;2243;2243;8990;8468
413;1049;1049;5585;37995
414;9854;9854;846;49296
415;1366;1366;6805;36339
416;436;436;6767;31276
417;461;461;4219;2859
418;2771;2771;0;27423
419;9595;9595;0;49065
420;125;125;8188;33296
421;1137;1137;7480;20190
422;3529;3529;1874;7401
423;9606;9606;6476;41069
424;827;827;4116;3140
425;1108;1108;9691;28118
426;277;277;4298;45504
427;901;901;10000;21702
428;355;355;4167;2646
429;2871;2871;93;21788
430;1339;1339;8786;36165
431;9691;9691;6953;15697
432;2666;2666;6722;34239
433;539;539;2947;11027
434;2648;2648;5485;1005
435;51;51;1685;1681
436;949;949;5148;36671
437;194;194;3194;45103
438;31;31;3600;33462
439;839;839;9606;45224
440;201;201;304;43605
441;107;107;8226;14365
442;151;151;5661;38364
443;887;887;9442;3011
444;9887;9887;2419;37175
445;143;143;1224;25735
446;822;822;6506;4415
447;931;931;145;33290
448;495;495;9730;2144
449;125;125;3487;32389
450;380;380;4610;36129
451;9387;9387;7738;44075
452;28;28;5188;23191
453;147;147;5769;14226
454;361;361;6541;49186
455;1163;1163;8499;22759
456;1551;1551;0;3305
457;9622;9622;3745;4667
458;9636;9636;8325;32498
459;3306;3306;3082;24700
460;3871;3871;3847;26654
461;105;105;9347;6172
462;535;535;7312;30954
463;915;915;8127;43193
464;124;124;3002;0
465;310;310;297;16928
466;1080;1080;0;4281
467;803;803;2335;4464
468;7465;7465;2469;47440
469;4141;4141;8521;36990
470;86;86;9776;47615
471;877;877;7305;49668
472;4832;4832;437;0
473;1064;1064;7652;36172
474;228;228;3205;19397
475;3108;3108;7161;32198
476;1279;1279;3914;5459
477;9748;9748;9962;18930
478;489;489;1819;31826
479;832;832;2432;4389
480;2557;2557;4056;3893
481;825;825;2892;27404
482;1976;1976;3185;23702
483;3254;3254;4152;12214
484;69;69;270;19558
485;125;125;679;20256
486;2179;2179;5484;35658
487;5768;5768;1047;42090
488;2146;2146;1764;42506
489;9875;9875;953;20012
490;1350;1350;6406;11840
491;1060;1060;6986;28246
492;3388;3388;7941;48376
493;3205;3205;6824;32004
494;576;576;111;12604
495;1527;1527;9753;8761
496;2032;2032;259;18570
497;1100;1100;2993;0
498;939;939;99;37433
499;6173;6173;2658;33411
500;125;125;9145;45170
501;559;559;84;36083
502;818;818;0;32894
503;399;399;8756;21271
504;1475;1475;7985;0
505;9800;9800;370;6974
506;1185;1185;2424;46300
507;9942;9942;3050;4529
508;526;526;6958;32721
509;264;264;4532;49957
510;2119;2119;8027;24677
511;529;529;1854;40993
512;623;623;6579;8766
513;9159;9159;6680;30256
514;282;282;1312;40933
515;377;377;4268;48915
516;2505;2505;189;773
517;1844;1844;661;5094
518;211;211;5194;998
519;244;244;7042;14440
520;9853;9853;7447;36613
521;320;320;7519;10697
522;42;42;9250;7535
523;1809;1809;570;24838
524;1802;1802;1515;11775
525;9597;9597;2115;34451
526;9403;9403;2789;35599
527;125;125;9365;8743
528;1189;1189;3613;49238
529;913;913;7541;17663
530;2188;2188;3452;23567
531;548;548;6902;10635
532;470;470;921;13627
533;1067;1067;9863;18026
534;9592;9592;9161;35519
535;24;24;3288;36655
536;9947;9947;3972;18306
537;348;348;4136;20999
538;96;96;5200;6133
539;9559;9559;3782;16727
540;191;191;7846;15914
541;2122;2122;7630;15029
542;1385;1385;8526;37534
543;1418;1418;6515;35701
544;619;619;3737;17412
545;835;835;9100;1513
546;9944;9944;9827;11245
547;749;749;306;31584
548;4593;4593;6628;37312
549;9709;9709;2555;49460
550;889;889;9922;31231
551;177;177;9092;7510
552;493;493;5066;7763
553;265;265;5951;4130
554;9623;9623;2652;819
555;94;94;5140;22713
556;1432;1432;9895;37635
557;9703;9703;9514;11244
558;9683;9683;7240;21118
559;9388;9388;5870;36819
560;3808;3808;7581;21375
561;9732;9732;3060;37556
562;5623;5623;9437;5290
563;1920;1920;9417;15057
564;255;255;1080;26389
565;558;558;1125;14042
566;9801;9801;932;27365
567;784;784;6717;40740
568;561;561;7519;44737
569;9695;9695;8024;4278
570;884;884;296;30609
571;1055;1055;6053;29774
572;1269;1269;5461;48961
573;9537;9537;1411;34271
574;2509;2509;9197;48526
575;267;267;9818;21584
576;937;937;8993;23162
577;8982;8982;2735;21834
578;1084;1084;6833;7426
579;167;167;2416;10262
580;1918;1918;2288;23206
581;4310;4310;2483;4015
582;4861;4861;0;21431
583;9913;9913;2736;49778
584;1609;1609;1057;36432
585;1619;1619;7619;16057
586;633;633;4361;2871
587;947;947;1836;9497
588;9812;9812;4970;17206
589;306;306;7210;12805
590;97;97;4020;49019
591;943;943;3394;7062
592;632;632;4458;49880
593;422;422;6897;19313
594;1343;1343;9331;45352
595;3514;3514;6202;28357
596;741;741;4785;9739
597;1627;1627;8193;22476
598;132;132;9110;9312
599;1779;1779;5435;3369
600;9456;9456;2612;24147
601;621;621;8167;20505
602;125;125;3110;36847
603;383;383;2787;33034
604;442;442;8604;18851
605;55;55;2258;1457
606;9682;9682;3868;8548
607;1425;1425;3630;23492
608;607;607;3654;5604
609;180;180;6755;29235
610;9448;9448;2835;49550
611;918;918;6148;15801
612;1294;1294;7160;3817
613;1748;1748;2680;10856
614;2215;2215;4824;13613
615;668;668;3582;17359
616;1690;1690;5097;16125
617;440;440;323;5512
618;188;188;8380;28625
619;961;961;1798;10331
620;1016;1016;6720;11170
621;719;719;9290;17867
622;260;260;5962;23533
623;9642;9642;9507;31931
624;1774;1774;3499;5258
625;9966;9966;4629;23547
626;1562;1562;5838;29893
627;32;32;9157;29647
628;479;479;6131;38918
629;9306;9306;5210;20168
630;1358;1358;4411;11845
631;755;755;1624;685
632;240;240;9883;12522
633;9391;9391;7300;4057
634;761;761;4221;36114
635;316;316;4249;2701
636;1155;1155;9178;17167
637;1293;1293;9696;38396
638;460;460;4132;30926
639;431;431;8800;34975
640;767;767;3750;7508
641;708;708;730;29379
642;9962;9962;8182;3893
643;2267;2267;8216;37971
644;33;33;4374;13254
645;114;114;7872;33217
646;2783;2783;6235;3244
647;152;152;1778;39023
648;439;439;2072;5700
649;2133;2133;5749;27992
650;400;400;1104;12232
651;1171;1171;4461;4226
652;2150;2150;9814;43851
653;284;284;7311;48980
654;243;243;8716;42198
655;758;758;3322;6280
656;9957;9957;2205;46971
657;1682;1682;3603;4915
658;142;142;9289;27775
659;346;346;3974;45304
660;557;557;6420;21563
661;1326;1326;4711;28901
662;1575;1575;7500;34573
663;9956;9956;8444;35435
664;1213;1213;2344;17390
665;50;50;1211;48864
666;849;849;6265;3279
667;9518;9518;9860;49760
668;690;690;8460;24742
669;1254;1254;575;10912
670;183;183;4404;191
671;1386;1386;5402;27728
672;38;38;6191;24585
673;168;168;9580;43650
674;625;625;8048;2822
675;164;164;5989;31791
676;318;318;1107;13973
677;824;824;7747;35562
678;728;728;5132;18676
679;659;659;5627;22040
680;2009;2009;8395;20302
681;4684;4684;4060;40870
682;458;458;7085;23947
683;159;159;382;10925
684;775;775;4106;7936
685;9544;9544;0;7618
686;691;691;9950;6834
687;1887;1887;1810;13541
688;252;252;2572;11858
689;1367;1367;8585;29833
690;66;66;898;5729
691;125;125;2043;12251
692;236;236;5575;10621
693;990;990;407;35622
694;184;184;157;13411
695;214;214;2379;28607
696;2593;2593;9039;44805
697;225;225;3231;18457
698;1460;1460;9739;20581
699;412;412;5872;14390
700;1025;1025;3163;29938
701;499;499;1606;3483
702;205;205;6376;14281
703;594;594;3318;44787
704;290;290;1496;27801
705;1133;1133;1344;34503
706;1638;1638;5702;29641
707;288;288;8270;200
708;9412;9412;233;46157
709;6604;6604;9263;10407
710;3493;3493;0;42306
711;283;283;2726;11409
712;895;895;2215;36239
713;1560;1560;4458;5734
714;516;516;8472;25001
715;1533;1533;3662;30693
716;9906;9906;5580;4953
717;100;100;2360;23647
718;9818;9818;7627;27499
719;5679;5679;7118;9771
720;567;567;4337;42029
721;300;300;2394;39738
722;9588;9588;9401;37901
723;505;505;3693;44908
724;510;510;1274;5182
725;9741;9741;7561;37939
726;475;475;8532;17107
727;3106;3106;8830;38962
728;9813;9813;4995;30239
729;1259;1259;6033;24215
730;2542;2542;7201;36985
731;1176;1176;9010;45515
732;342;342;2758;14980
733;9463;9463;1369;4286
734;928;928;1875;42102
735;661;661;1968;16819
736;1927;1927;4020;26589
737;319;319;2018;29159
738;109;109;741;33124
739;1377;1377;5588;23432
740;2656;2656;9038;27977
741;3415;3415;8404;6634
742;19;19;1680;17383
743;1883;1883;1577;1451
744;1565;1565;3309;37526
745;347;347;5859;44319
746;2767;2767;8684;26012
747;4023;4023;7585;4886
748;480;480;7103;10621
749;2710;2710;6745;32718
750;72;72;4578;23654
751;4532;4532;18;21157
752;956;956;1412;40958
753;193;193;6114;10810
754;799;799;5401;22360
755;9604;9604;3478;40200
756;287;287;3763;15581
757;2249;2249;7913;19372
758;9214;9214;5101;39605
759;9;9;5758;39861
760;833;833;2964;17396
761;187;187;2515;40678
762;175;175;707;19961
763;608;608;2236;21942
764;896;896;3032;23421
765;2687;2687;253;46790
766;406;406;9969;46428
767;1315;1315;845;31952
768;9998;9998;2583;13631
769;3307;3307;6503;8182
770;45;45;9642;4103
771;62;62;3562;25793
772;1057;1057;1618;40523
773;9889;9889;2038;4066
774;2787;2787;8080;31794
775;9946;9946;5934;35395
776;363;363;713;22354
777;323;323;7823;36450
778;274;274;384;7381
779;9755;9755;5416;10862
780;540;540;8877;11927
781;257;257;946;12221
782;9410;9410;1726;28341
783;1313;1313;8250;47520
784;894;894;1455;561
785;870;870;7183;15827
786;85;85;7597;4557
787;973;973;6645;4170
788;2002;2002;5968;31926
789;9798;9798;8398;1902
790;1436;1436;8206;1237
791;9571;9571;6107;7216
792;916;916;6918;39554
793;1219;1219;4984;43263
794;74;74;2624;6036
795;4846;4846;6522;37298
796;1814;1814;7696;36672
797;174;174;9444;45441
798;2165;2165;8545;28030
799;3404;3404;3055;40736
800;53;53;5890;47891
801;1107;1107;7838;44059
802;641;641;5002;41254
803;125;125;600;2439
804;782;782;7104;28614
805;9696;9696;1016;47860
806;997;997;8401;30634
807;1331;1331;9374;36891
808;135;135;8034;29015
809;1628;1628;9468;36964
810;5611;5611;2764;17845
811;1545;1545;5940;29131
812;482;482;7529;11990
813;1394;1394;9685;28742
814;9479;9479;6881;27934
815;1489;1489;2017;5174
816;3272;3272;789;12336
817;299;299;2458;22441
818;3062;3062;780;21381
819;9819;9819;5850;7593
820;1450;1450;2657;42233
821;933;933;3324;42258
822;7028;7028;4878;26
823;1673;1673;4186;11729
824;76;76;8298;6944
825;378;378;3534;46887
826;490;490;6644;36239
827;952;952;6635;47259
828;469;469;9415;48030
829;797;797;1557;44495
830;1957;1957;8238;48722
831;2494;2494;1270;26912
832;9692;9692;9279;8419
833;1302;1302;7330;16645
834;508;508;9526;12971
835;88;88;1039;17867
836;9828;9828;5945;20966
837;3674;3674;1126;25902
838;752;752;1146;18905
839;9799;9799;439;2700
840;90;90;8783;35193
841;98;98;8224;17666
842;1119;1119;8611;25154
843;730;730;6501;44961
844;1266;1266;5633;34056
845;1327;1327;2265;22106
846;7954;7954;8579;45225
847;575;575;7233;10812
848;2224;2224;8104;15328
849;680;680;606;861
850;368;368;5733;24962
851;465;465;5238;14231
852;723;723;8663;0
853;219;219;2695;24060
854;2127;2127;398;20437
855;68;68;2566;48502
856;2299;2299;2960;5632
857;408;408;815;44033
858;902;902;2303;29525
859;2627;2627;3569;45494
860;3060;3060;4372;31727
861;9948;9948;1765;11620
862;311;311;9960;33375
863;172;172;6476;38861
864;823;823;1230;34520
865;9955;9955;1494;38241
866;371;371;6662;40933
867;136;136;0;20711
868;1333;1333;198;45345
869;3732;3732;158;15770
870;18;18;5842;10067
871;2429;2429;6073;34208
872;1091;1091;9664;36434
873;9980;9980;1312;3535
874;6824;6824;341;18680
875;953;953;7068;22400
876;199;199;4433;24567
877;523;523;4713;17103
878;492;492;8377;5064
879;386;386;8553;27672
880;1174;1174;6033;34838
881;582;582;4956;1661
882;2545;2545;9411;25427
883;1156;1156;8532;31931
884;1441;1441;8809;47168
885;1228;1228;5825;19533
886;1472;1472;2999;34491
887;212;212;2607;2852
888;613;613;6584;37982
889;1502;1502;6932;18142
890;239;239;6959;7338
891;593;593;8079;23833
892;522;522;5129;41441
893;1371;1371;8823;30407
894;912;912;7577;37177
895;153;153;6068;41080
896;9721;9721;7017;1817
897;1131;1131;8264;28805
898;958;958;2134;40634
899;20;20;5270;6720
900;44;44;4139;43123
901;4;4;5603;1394
902;1666;1666;8380;49880
903;9475;9475;7075;45041
904;2556;2556;2261;5261
905;2388;2388;4534;16653
906;1985;1985;6070;38527
907;292;292;3926;10695
908;924;924;8322;5379
909;3708;3708;5627;48036
910;717;717;5965;23935
911;2579;2579;7854;38529
912;9219;9219;4583;38968
913;407;407;2263;1852
914;9823;9823;6270;10656
915;810;810;8614;30066
916;281;281;4961;36193
917;568;568;3234;1444
918;930;930;1151;41692
919;313;313;651;14987
920;1359;1359;8231;3750
921;1082;1082;8887;38080
922;376;376;78;32728
923;1453;1453;3267;27202
924;1906;1906;3199;8431
925;425;425;7763;36233
926;9687;9687;943;42766
927;445;445;840;6027
928;9777;9777;3735;16358
929;312;312;4273;27600
930;113;113;51;20582
931;2786;2786;6170;45762
932;994;994;2578;26469
933;520;520;3107;48344
934;9829;9829;4414;34548
935;828;828;429;33443
936;141;141;6576;1780
937;181;181;2336;30385
938;702;702;6270;26669
939;1668;1668;4274;30515
940;125;125;9755;31005
941;536;536;9074;23795
942;1989;1989;4285;47473
943;1588;1588;956;39946
944;429;429;967;44207
945;843;843;9106;18809
946;1592;1592;3495;34864
947;9759;9759;2866;39588
948;463;463;2553;19751
949;9584;9584;8964;7111
950;6267;6267;1106;4886
951;9341;9341;3782;373
952;1248;1248;7113;37112
953;685;685;1483;25647
954;1701;1701;7040;2969
955;3968;3968;5252;5043
956;9523;9523;5524;18666
957;1217;1217;5113;22678
958;2385;2385;3875;36610
959;534;534;4499;19028
960;1898;1898;3590;23886
961;1458;1458;5230;32500
962;595;595;191;44337
963;663;663;4048;27779
964;1138;1138;5576;27454
965;1306;1306;9795;28173
966;373;373;5275;12060
967;1961;1961;1476;40624
968;1071;1071;7849;17303
969;1336;1336;5840;27212
970;357;357;2037;28286
971;9716;9716;2625;5808
972;117;117;6965;24774
973;9337;9337;6877;11176
974;451;451;896;33981
975;13;13;9158;29955
976;800;800;4601;40607
977;853;853;9123;42782
978;259;259;2299;32995
979;1474;1474;4094;39622
980;2451;2451;4268;1368
981;9309;9309;8077;3177
982;1027;1027;8288;36276
983;681;681;4771;9246
984;1531;1531;3167;22714
985;715;715;6270;20208
986;1943;1943;9057;8649
987;1646;1646;1095;821
988;538;538;6067;45374
989;1073;1073;9162;29505
990;9910;9910;0;14777
991;675;675;4906;29101
992;57;57;1462;43775
993;1541;1541;8461;7641
994;254;254;1771;6628
995;1382;1382;684;48504
996;9974;9974;4525;29457
997;1557;1557;8882;19693
998;801;801;237;12491
999;139;139;5381;16033
1000;374;374;1172;6749
1001;428;428;3831;44240
1002;652;652;2018;22285
1003;266;266;0;42538
1004;2130;2130;5017;28824
1005;649;649;6713;49077
1006;233;233;6927;25599
1007;695;695;8482;25935
1008;9658;9658;6817;41665
1009;1586;1586;235;23014
1010;581;581;586;14436
1011;544;544;7883;25884
1012;421;421;650;39683
1013;579;579;6402;46987
1014;417;417;2813;17659
1015;616;616;9782;20709
1016;9884;9884;230;46224
1017;774;774;5513;35090
1018;1009;1009;6943;5065
1019;700;700;5420;7245
1020;2284;2284;881;19524
1021;2743;2743;9307;11238
1022;9847;9847;737;45249
1023;687;687;4179;37798
1024;3809;3809;5410;12435
1025;3588;3588;8688;49184
1026;272;272;934;12033
1027;3252;3252;575;17133
1028;664;664;4164;4548
1029;2;2;5194;35477
1030;962;962;6193;497
1031;1704;1704;6372;20913
1032;1407;1407;275;0
1033;2131;2131;4364;30290
1034;9577;9577;3742;16961
1035;917;917;1127;32872
1036;7871;7871;262;7127
1037;158;158;2249;30892
1038;9548;9548;3060;43737
1039;765;765;1575;30422
1040;815;815;7845;23636
1041;689;689;4686;44609
1042;1383;1383;9453;32713
1043;1463;1463;8822;9156
1044;1516;1516;509;22360
1045;305;305;8185;15069
1046;125;125;8512;38893
1047;483;483;8505;39418
1048;919;919;8649;46787
1049;160;160;8680;39981
1050;1643;1643;1540;35919
1051;1045;1045;5171;2280
1052;1301;1301;7583;44366
1053;679;679;3462;14628
1054;879;879;9357;5245
1055;49;49;6074;46509
1056;756;756;434;45510
1057;1601;1601;9652;48991
1058;1243;1243;6609;34486
1059;353;353;6330;30102
1060;9025;9025;5778;29640
1061;2128;2128;6351;37044
1062;210;210;4317;8466
1063;1026;1026;1622;21387
1064;125;125;4043;6187
1065;1663;1663;4214;22516
1066;658;658;7607;43522
1067;9473;9473;6286;45593
1068;2169;2169;2660;22721
1069;9261;9261;1686;14115
1070;162;162;9519;10531
1071;2193;2193;7982;39816
1072;9903;9903;2453;2486
1073;808;808;5368;4668
1074;1518;1518;7576;31428
1075;1299;1299;6195;12636
1076;1617;1617;9854;36811
1077;584;584;1916;2081
1078;2022;2022;3669;22888
1079;4936;4936;7225;22729
1080;9923;9923;175;23542
1081;569;569;2430;9766
1082;515;515;1926;15245
1083;1289;1289;5485;27151
1084;434;434;3654;18629
1085;1322;1322;1021;33197
1086;724;724;8790;6131
1087;1421;1421;6814;6284
1088;786;786;5008;0
1089;1337;1337;7668;25044
1090;2674;2674;693;20452
1091;697;697;610;37361
1092;9737;9737;5640;8136
1093;1830;1830;6730;46406
1094;1415;1415;5797;13635
1095;1208;1208;1493;781
1096;560;560;369;36591
1097;296;296;7830;36143
1098;1406;1406;4778;11325
1099;1485;1485;6295;2968
1100;449;449;578;49844
1101;2134;2134;2225;21546
1102;481;481;5845;43299
1103;2452;2452;6963;16696
1104;643;643;9161;32672
1105;589;589;3558;29449
1106;1493;1493;2718;46102
1107;9619;9619;0;49793
1108;9590;9590;2215;39697
1109;2112;2112;5886;33199
1110;1461;1461;3161;42609
1111;3330;3330;6221;9697
1112;3018;3018;8518;43429
1113;7284;7284;5983;26102
1114;156;156;9385;11757
1115;446;446;0;6560
1116;3035;3035;6154;19874
1117;978;978;3348;21799
1118;722;722;4425;31314
1119;1755;1755;8833;2758
1120;979;979;7969;22990
1121;509;509;3021;16385
1122;1965;1965;0;37238
1123;3412;3412;5425;20548
1124;1534;1534;793;2269
1125;9950;9950;1278;26753
1126;711;711;4993;2395
1127;2271;2271;993;43410
1128;2034;2034;8908;38851
1129;5421;5421;2341;3886
1130;1353;1353;5723;44837
1131;9872;9872;9571;26493
1132;302;302;6083;25485
1133;1021;1021;5826;49112
1134;1404;1404;2024;23044
1135;155;155;7139;1183
1136;1892;1892;7375;30242
1137;2384;2384;6647;43069
1138;58;58;7951;32573
1139;453;453;6586;47701
1140;1924;1924;4964;22526
1141;1132;1132;6324;0
1142;315;315;95;33403
1143;796;796;8304;16433
1144;190;190;6575;23084
1145;1604;1604;927;32435
1146;379;379;1847;10754
1147;1536;1536;1447;43932
1148;1229;1229;2175;32033
1149;684;684;4628;34649
1150;459;459;6256;7074
1151;1011;1011;575;30907
1152;1435;1435;2448;14792
1153;622;622;7068;4828
1154;926;926;1536;8567
1155;2495;2495;9862;29978
1156;1654;1654;1756;33458
1157;677;677;870;34308
1158;1791;1791;9785;22750
1159;338;338;947;14427
1160;988;988;851;5919
1161;2390;2390;5970;27054
1162;862;862;252;2692
1163;314;314;1217;10941
1164;2266;2266;6995;35811
1165;9751;9751;2644;38362
1166;52;52;9804;16115
1167;699;699;7335;34212
1168;601;601;4196;44316
1169;904;904;1379;3058
1170;443;443;8608;10574
1171;9680;9680;2737;26317
1172;6996;6996;8204;26804
1173;531;531;6763;39225
1174;1388;1388;9461;33613
1175;2197;2197;2508;30232
1176;1566;1566;7874;39586
1177;781;781;4718;49952
1178;1610;1610;0;14153
1179;836;836;8851;38113
1180;5115;5115;9866;41514
1181;326;326;9432;32820
1182;1134;1134;3546;20361
1183;179;179;8818;8761
1184;726;726;4279;31776
1185;9986;9986;6086;22979
1186;9714;9714;5148;30044
1187;9845;9845;7123;21665
1188;1476;1476;9015;16918
1189;1849;1849;4289;19134
1190;2587;2587;2163;39585
1191;2031;2031;5382;16874
1192;1168;1168;6504;7491
1193;2166;2166;6862;28641
1194;2782;2782;7003;26654
1195;1000;1000;5734;20646
1196;1987;1987;8995;19833
1197;1419;1419;6072;22462
1198;673;673;8879;30622
1199;1618;1618;1309;34722
1200;666;666;3930;16319
1201;735;735;1124;26542
1202;9674;9674;4512;49615
1203;9995;9995;7251;28975
1204;9445;9445;796;24074
1205;2677;2677;6020;30757
1206;1015;1015;3518;4103
1207;358;358;2372;25566
1208;875;875;5686;21215
1209;9968;9968;7608;28335
1210;1857;1857;9029;40391
1211;54;54;1987;33506
1212;779;779;7039;20154
1213;91;91;2019;34637
1214;1232;1232;9920;22913
1215;9656;9656;1516;23098
1216;336;336;7306;6692
1217;9486;9486;7152;43931
1218;1737;1737;5973;29165
1219;43;43;5132;12831
1220;644;644;1847;8317
1221;2474;2474;5522;44450
1222;563;563;789;17293
1223;1665;1665;3046;25182
1224;369;369;2033;13472
1225;543;543;5998;43699
1226;974;974;2104;18826
1227;2373;2373;5876;48162
1228;9873;9873;1200;12571
1229;1312;1312;1029;12966
1230;1653;1653;466;10398
1231;854;854;6437;17124
1232;3126;3126;8995;19330
1233;776;776;3408;29431
1234;840;840;4920;21793
1235;1175;1175;8741;14971
1236;1006;1006;4919;33204
1237;3933;3933;6295;41386
1238;3591;3591;8021;34686
1239;1788;1788;8260;1019
1240;3608;3608;2567;18876
1241;876;876;2775;4477
1242;1778;1778;1436;450
1243;462;462;1407;38583
1244;77;77;5261;28743
1245;1192;1192;175;6079
1246;977;977;8343;46720
1247;238;238;4484;22853
1248;9653;9653;6943;5728
1249;1007;1007;5487;3555
1250;1856;1856;8428;13954
1251;829;829;1842;25902
1252;1330;1330;98;43297
1253;3289;3289;3746;17790
1254;2300;2300;0;26404
1255;966;966;9463;21869
1256;612;612;8409;9248
1257;2423;2423;335;24433
1258;760;760;1465;15503
1259;3462;3462;5217;30375
1260;1891;1891;4799;11930
1261;9994;9994;3916;5940
1262;860;860;7643;0
1263;712;712;1171;12995
1264;1087;1087;4657;8248
1265;963;963;7141;17936
1266;847;847;2591;23266
1267;596;596;2992;14176
1268;2754;2754;3631;40723
1269;3599;3599;7100;12843
1270;1487;1487;1178;7941
1271;1183;1183;6597;39893
1272;856;856;1011;15306
1273;9961;9961;9132;9245
1274;1885;1885;7714;28145
1275;1595;1595;2565;43955
1276;2318;2318;9072;3840
1277;965;965;4085;44000
1278;2774;2774;9382;28710
1279;9493;9493;7785;46438
1280;785;785;1858;7393
1281;2925;2925;7655;46979
1282;946;946;7620;45972
1283;3417;3417;8933;42434
1284;3089;3089;5714;9015
1285;9809;9809;2601;49012
1286;556;556;8625;34496
1287;1235;1235;6339;23827
1288;2781;2781;5249;1539
1289;549;549;3946;3027
1290;466;466;6511;49924
1291;2226;2226;8406;5722
1292;604;604;3453;8771
1293;5449;5449;1078;25883
1294;472;472;3222;4310
1295;1445;1445;4343;39088
1296;504;504;4924;12935
1297;381;381;1604;41482
1298;830;830;6779;42201
1299;403;403;4266;20646
1300;669;669;2669;5477
1301;507;507;7183;41903
1302;120;120;4712;5996
1303;1564;1564;7385;10010
1304;1256;1256;5764;47786
1305;1140;1140;8891;13662
1306;1179;1179;7417;48647
1307;1013;1013;2711;16656
1308;4464;4464;2384;15151
1309;1765;1765;1181;23834
1310;892;892;390;22564
1311;2844;2844;4324;27868
1312;125;125;953;30537
1313;9782;9782;3681;27995
1314;2137;2137;3359;8110
1315;9981;9981;7144;33396
1316;1542;1542;6297;15958
1317;1303;1303;8711;13506
1318;841;841;5458;3979
1319;1088;1088;2055;9236
1320;9814;9814;8516;33440
1321;4557;4557;6253;49438
1322;554;554;7744;12636
1323;3451;3451;9685;37696
1324;888;888;589;12919
1325;70;70;2773;2218
1326;577;577;3143;31122
1327;325;325;9934;39423
1328;1901;1901;5909;4934
1329;2706;2706;3371;39056
1330;269;269;7641;31019
1331;1114;1114;7467;12357
1332;1605;1605;7306;1798
1333;1907;1907;5116;8064
1334;906;906;5115;40961
1335;185;185;4675;15490
1336;932;932;2943;40982
1337;1416;1416;235;35962
1338;995;995;3169;44647
1339;125;125;6824;45353
1340;1672;1672;5185;364
1341;1815;1815;5914;17839
1342;7498;7498;3954;8675
1343;706;706;4067;27704
1344;920;920;3555;30463
1345;9576;9576;2187;22055
1346;1360;1360;7452;25185
1347;3188;3188;9773;30775
1348;1740;1740;7719;17773
1349;794;794;6078;20913
1350;486;486;8047;23129
1351;203;203;6214;49429
1352;769;769;6147;37502
1353;1022;1022;4724;32965
1354;2915;2915;5750;37206
1355;838;838;6417;6038
1356;736;736;9439;29266
1357;1240;1240;5027;18300
1358;444;444;6796;47090
1359;603;603;2991;45567
1360;2573;2573;5747;32539
1361;2308;2308;7484;9224
1362;1835;1835;6802;11721
1363;3043;3043;9014;26094
1364;9816;9816;3541;42815
1365;9668;9668;2923;10206
1366;9580;9580;7018;26070
1367;1227;1227;5838;0
1368;1840;1840;8566;22473
1369;2124;2124;8684;37033
1370;3582;3582;4201;42620
1371;987;987;6062;42414
1372;968;968;5541;29996
1373;742;742;8635;18859
1374;940;940;6871;8626
1375;654;654;2602;8872
1376;7807;7807;2298;15600
1377;268;268;3677;40762
1378;650;650;6129;34931
1379;1576;1576;8402;7233
1380;2094;2094;5321;40863
1381;3999;3999;3370;27033
1382;1716;1716;2214;346
1383;1983;1983;9831;21650
1384;3728;3728;5325;34021
1385;173;173;1427;15927
1386;791;791;1320;31590
1387;276;276;2582;24854
1388;145;145;9366;18833
1389;883;883;8699;20858
1390;125;125;5237;34922
1391;291;291;7916;36223
1392;1040;1040;3440;22682
1393;1328;1328;178;38871
1394;1029;1029;1076;49079
1395;1890;1890;7702;12813
1396;4922;4922;9112;41140
1397;496;496;4941;6118
1398;1094;1094;526;32581
1399;1932;1932;631;34889
1400;9628;9628;5170;20256
1401;1855;1855;1613;45985
1402;1642;1642;1207;2711
1403;1220;1220;9035;43741
1404;1062;1062;1877;25152
1405;3348;3348;1984;28499
1406;694;694;672;43133
1407;3975;3975;7513;30570
1408;998;998;7853;28875
1409;634;634;3148;24093
1410;3539;3539;4118;21605
1411;309;309;5761;15275
1412;542;542;8898;44334
1413;1047;1047;8394;11066
1414;744;744;7670;6227
1415;1434;1434;2376;18533
1416;9681;9681;5269;32193
1417;1272;1272;6971;37573
1418;110;110;3688;27700
1419;693;693;2114;10167
1420;394;394;1603;11224
1421;1459;1459;4435;35351
1422;1123;1123;6473;7236
1423;127;127;9867;1615
1424;1205;1205;3447;2111
1425;125;125;6285;6396
1426;1801;1801;2622;19731
1427;209;209;5363;41125
1428;235;235;7558;19779
1429;1260;1260;9169;45813
1430;866;866;3491;17731
1431;1467;1467;7358;9482
1432;9867;9867;3151;8181
1433;166;166;5497;41
1434;3061;3061;3232;36976
1435;9710;9710;3708;44877
1436;2588;2588;2163;24322
1437;3297;3297;3179;6604
1438;1942;1942;7954;46497
1439;393;393;3340;5521
1440;1484;1484;754;22793
1441;3153;3153;3807;1020
1442;2512;2512;4729;45979
1443;1532;1532;6218;44740
1444;1548;1548;4581;49252
1445;3826;3826;9476;19646
1446;844;844;9018;41888
1447;4021;4021;5046;11615
1448;2234;2234;2509;32643
1449;3891;3891;8700;30545
1450;329;329;2432;30620
1451;1800;1800;2140;3566
1452;112;112;1252;28417
1453;5338;5338;8412;22413
1454;221;221;9029;23664
1455;911;911;734;34904
1456;1318;1318;5141;38749
1457;2955;2955;1340;1096
1458;5507;5507;5588;41630
1459;541;541;5592;18756
1460;387;387;9363;8767
1461;2238;2238;5310;2008
1462;157;157;9955;10790
1463;1579;1579;8685;33062
1464;9892;9892;9657;6361
1465;2322;2322;6760;12123
1466;813;813;2610;7094
1467;1364;1364;3401;44293
1468;1214;1214;5162;24089
1469;678;678;3961;11349
1470;9654;9654;213;44211
1471;2467;2467;2090;25588
1472;161;161;9018;41076
1473;390;390;348;22178
1474;1273;1273;1359;37373
1475;125;125;7797;10204
1476;1209;1209;9706;39372
1477;9697;9697;255;12495
1478;1017;1017;5285;2363
1479;335;335;3971;32464
1480;929;929;7268;14508
1481;2067;2067;7576;8116
1482;2351;2351;2854;8481
1483;1157;1157;8859;39234
1484;2260;2260;6736;15192
1485;148;148;1350;14165
1486;9805;9805;6105;31064
1487;230;230;4739;35767
1488;2907;2907;6469;26377
1489;9444;9444;2497;2072
1490;4550;4550;8567;6128
1491;1110;1110;822;23225
1492;1052;1052;7592;14974
1493;65;65;2362;27741
1494;125;125;3977;46754
1495;1010;1010;5445;20785
1496;635;635;3852;40229
1497;2567;2567;6045;12916
1498;2066;2066;6561;38379
1499;1634;1634;7822;37128
1500;1136;1136;6866;12552
1501;1465;1465;5617;47595
1502;3834;3834;9885;37525
1503;1591;1591;8548;21294
1504;1146;1146;8487;36333
1505;1926;1926;342;5031
1506;1521;1521;3123;12489
1507;200;200;904;6238
1508;441;441;7053;35039
1509;2343;2343;1231;13460
1510;1032;1032;1028;45532
1511;3091;3091;4886;26253
1512;1097;1097;6056;48733
1513;3721;3721;1616;9166
1514;397;397;8325;4248
1515;125;125;1787;651
1516;501;501;2455;43527
1517;1549;1549;1096;21556
1518;2904;2904;1948;17870
1519;106;106;8307;42195
1520;3523;3523;654;31059
1521;1147;1147;7871;21326
1522;1530;1530;6932;17915
1523;125;125;2664;22017
1524;4649;4649;5395;5221
1525;1651;1651;9391;20985
1526;908;908;4499;10614
1527;2099;2099;6656;13335
1528;574;574;6371;25424
1529;270;270;5914;16588
1530;848;848;3944;19975
1531;9647;9647;3661;26456
1532;351;351;3694;24116
1533;9938;9938;7464;15234
1534;2359;2359;7106;19911
1535;2685;2685;1650;16912
1536;1523;1523;7692;20590
1537;3142;3142;4307;37186
1538;3637;3637;372;2900
1539;1167;1167;6394;10160
1540;2378;2378;8228;1675
1541;9771;9771;5201;24825
1542;986;986;7687;728
1543;1194;1194;5237;12916
1544;1143;1143;1468;6539
1545;1092;1092;3681;29874
1546;1621;1621;4767;24492
1547;2216;2216;5975;5807
1548;478;478;4037;23492
1549;517;517;2190;46102
1550;1589;1589;2989;27258
1551;196;196;2756;18673
1552;578;578;4097;45046
1553;1848;1848;8255;46183
1554;2789;2789;7167;6069
1555;1222;1222;8995;41226
1556;4620;4620;8686;29679
1557;9468;9468;7220;15507
1558;9466;9466;3152;16072
1559;511;511;9096;15348
1560;9904;9904;5844;44417
1561;1311;1311;6467;49154
1562;863;863;4533;30814
1563;1981;1981;1138;18451
1564;218;218;7287;43485
1565;125;125;7368;19076
1566;513;513;1191;2137
1567;2581;2581;8593;33498
1568;945;945;4510;39254
1569;1498;1498;6674;37335
1570;878;878;4095;30060
1571;1512;1512;8149;6340
1572;9414;9414;724;18656
1573;1125;1125;5555;7709
1574;2911;2911;78;40520
1575;477;477;5454;6233
1576;7390;7390;184;20598
1577;1193;1193;1694;4999
1578;1005;1005;1196;15478
1579;9662;9662;1713;25346
1580;1971;1971;4623;46492
1581;9976;9976;8524;4806
1582;1056;1056;2618;39842
1583;5525;5525;4181;29322
1584;519;519;2925;39330
1585;3763;3763;1188;1301
1586;29;29;9565;31409
1587;2523;2523;5440;27932
1588;667;667;296;9165
1589;1151;1151;8112;28685
1590;2698;2698;2965;0
1591;545;545;0;37233
1592;9911;9911;472;5082
1593;7899;7899;1154;21114
1594;1381;1381;1276;37551
1595;3314;3314;549;15743
1596;1559;1559;1760;2520
1597;759;759;668;44011
1598;546;546;6548;32276
1599;3380;3380;7951;19431
1600;936;936;4101;37463
1601;9916;9916;2490;27737
1602;820;820;6175;40994
1603;1280;1280;1464;16553
1604;10;10;7363;36157
1605;1812;1812;8095;16041
1606;3440;3440;4841;20918
1607;874;874;2031;16
1608;9774;9774;8543;37337
1609;1684;1684;8176;5663
1610;592;592;1713;49835
1611;1020;1020;8810;20627
1612;2722;2722;6991;24680
1613;2358;2358;6024;29
1614;1685;1685;1439;40725
1615;1104;1104;4472;18855
1616;747;747;7321;39610
1617;1207;1207;3849;9311
1618;1261;1261;352;1492
1619;562;562;8214;29121
1620;2531;2531;6099;42183
1621;364;364;7804;37666
1622;1173;1173;5751;24204
1623;3200;3200;8296;24333
1624;9451;9451;6399;10568
1625;324;324;3709;102
1626;1570;1570;3623;24978
1627;125;125;6995;35225
1628;450;450;9449;31104
1629;993;993;5005;41965
1630;922;922;8318;37999
1631;1408;1408;4785;12222
1632;3729;3729;3637;38321
1633;3515;3515;3744;35567
1634;340;340;7096;28014
1635;764;764;9224;47609
1636;2966;2966;8449;5498
1637;1772;1772;7059;38252
1638;125;125;5255;3685
1639;3731;3731;6086;13280
1640;2646;2646;8084;18411
1641;3807;3807;9158;1285
1642;22;22;1022;44072
1643;232;232;7265;22269
1644;1198;1198;8583;9329
1645;365;365;9302;8058
1646;125;125;5975;12552
1647;2603;2603;4449;5053
1648;2154;2154;9716;30388
1649;530;530;6804;18696
1650;1283;1283;3229;26132
1651;1099;1099;7912;43209
1652;1698;1698;315;42519
1653;1203;1203;8335;3155
1654;566;566;1851;27248
1655;1329;1329;6297;49797
1656;788;788;6739;3532
1657;2218;2218;7879;16660
1658;1126;1126;5066;5985
1659;565;565;3654;36054
1660;2987;2987;4471;41063
1661;1822;1822;7847;35692
1662;2229;2229;2583;18912
1663;3720;3720;3537;45371
1664;1105;1105;9858;17663
1665;1230;1230;6928;37613
1666;773;773;5173;32306
1667;1552;1552;3246;39113
1668;9902;9902;8928;22014
1669;3078;3078;2215;43115
1670;1929;1929;6024;13356
1671;1713;1713;261;1358
1672;789;789;8594;5626
1673;8454;8454;4266;38212
1674;1141;1141;129;10709
1675;1739;1739;6941;40898
1676;1602;1602;6782;43593
1677;1263;1263;8487;1934
1678;1116;1116;9714;15003
1679;9715;9715;7097;2510
1680;1307;1307;7735;37550
1681;9821;9821;9175;19924
1682;367;367;7279;4837
1683;1462;1462;2645;12408
1684;204;204;1775;15833
1685;2886;2886;406;44790
1686;1039;1039;4470;19702
1687;980;980;5302;35166
1688;223;223;1892;8318
1689;1826;1826;798;28217
1690;9643;9643;2484;44077
1691;976;976;570;38838
1692;807;807;1992;32267
1693;2076;2076;1601;17631
1694;1120;1120;1614;22216
1695;1691;1691;237;32719
1696;1486;1486;6575;32372
1697;1884;1884;7485;48701
1698;950;950;7407;4606
1699;1681;1681;1654;21716
1700;3955;3955;4129;25751
1701;787;787;0;23439
1702;9666;9666;2728;33038
1703;1158;1158;5521;37272
1704;532;532;7500;5339
1705;3458;3458;780;24774
1706;1707;1707;2968;37582
1707;739;739;9319;4307
1708;1355;1355;6050;42445
1709;263;263;8205;36350
1710;900;900;4911;6203
1711;871;871;9516;1597
1712;3371;3371;8253;1657
1713;683;683;8165;3475
1714;757;757;7970;48504
1715;2180;2180;5919;21139
1716;1068;1068;5297;30855
1717;9570;9570;567;6504
1718;1858;1858;9938;0
1719;2018;2018;1762;29537
1720;1380;1380;9452;22872
1721;1437;1437;2458;17910
1722;1823;1823;9871;47140
1723;3118;3118;0;30794
1724;1504;1504;1354;43797
1725;2943;2943;8130;49038
1726;2148;2148;9731;24518
1727;3848;3848;5453;19090
1728;1275;1275;8269;37994
1729;285;285;6992;15995
1730;2102;2102;2651;27990
1731;1872;1872;9893;8525
1732;1121;1121;366;44892
1733;2859;2859;9297;47328
1734;1794;1794;1079;43286
1735;2975;2975;8059;26758
1736;3138;3138;2968;14110
1737;2019;2019;5007;36886
1738;1153;1153;3654;17564
1739;330;330;9780;7068
1740;9462;9462;1865;41059
1741;1711;1711;8808;7207
1742;1449;1449;1087;15395
1743;5933;5933;8420;42720
1744;1455;1455;7098;21968
1745;9705;9705;6982;22014
1746;1775;1775;1282;42479
1747;898;898;4232;37180
1748;9850;9850;2405;28792
1749;30;30;4023;19126
1750;1164;1164;5682;1077
1751;572;572;6318;1863
1752;419;419;9670;25868
1753;2699;2699;6637;19163
1754;2434;2434;5723;31733
1755;738;738;7955;3806
1756;1946;1946;9197;28611
1757;4036;4036;4258;42644
1758;551;551;1374;39241
1759;366;366;7392;38234
1760;1833;1833;7770;30821
1761;1063;1063;5327;5683
1762;1206;1206;4699;49588
1763;6618;6618;2326;38311
1764;688;688;3399;14455
1765;624;624;8313;27824
1766;2592;2592;4544;11311
1767;1340;1340;219;4269
1768;1796;1796;7173;8370
1769;1664;1664;106;26716
1770;2241;2241;5002;34393
1771;1944;1944;912;34252
1772;842;842;1643;13291
1773;2892;2892;788;49435
1774;9725;9725;8073;38478
1775;713;713;2954;15665
1776;2239;2239;8365;2514
1777;864;864;4039;4419
1778;1129;1129;2773;8826
1779;2005;2005;4372;21783
1780;1752;1752;6847;6559
1781;1070;1070;5499;37337
1782;1509;1509;3047;40298
1783;1657;1657;4246;18867
1784;1843;1843;1309;14918
1785;1090;1090;6333;26127
1786;1410;1410;222;32656
1787;2027;2027;3730;25728
1788;771;771;3574;15594
1789;4068;4068;3125;39480
1790;826;826;8863;48146
1791;907;907;8710;21465
1792;1767;1767;3633;47645
1793;1086;1086;6262;29330
1794;729;729;2009;26246
1795;1903;1903;6538;35375
1796;7084;7084;4108;7619
1797;1357;1357;8762;27084
1798;1810;1810;5020;28264
1799;2093;2093;8786;44143
1800;9621;9621;2438;10702
1801;125;125;1063;38210
1802;248;248;7059;28810
1803;9941;9941;2299;0
1804;1191;1191;9021;2075
1805;426;426;4770;34733
1806;674;674;4674;16824
1807;609;609;8882;38572
1808;5589;5589;8564;26432
1809;9360;9360;2768;30684
1810;598;598;9591;16068
1811;99;99;5157;1291
1812;227;227;1484;24191
1813;754;754;7002;33818
1814;3029;3029;544;17458
1815;992;992;2270;31675
1816;1705;1705;2280;43483
1817;2398;2398;453;15385
1818;1633;1633;1016;30720
1819;1411;1411;7066;23392
1820;2807;2807;8090;38328
1821;3912;3912;813;45168
1822;872;872;6645;35582
1823;2072;2072;4048;38674
1824;405;405;1244;18889
1825;2438;2438;6292;28570
1826;2936;2936;7279;12928
1827;1919;1919;5381;36606
1828;1581;1581;8779;33961
1829;246;246;1535;23189
1830;959;959;8846;3103
1831;1270;1270;9603;8045
1832;1492;1492;9019;25430
1833;745;745;3987;26154
1834;1268;1268;1934;14682
1835;224;224;5783;11080
1836;1553;1553;8441;18349
1837;2337;2337;748;8527
1838;352;352;5225;38222
1839;1387;1387;6540;34134
1840;1244;1244;1659;48093
1841;2135;2135;1340;0
1842;464;464;5167;37554
1843;1597;1597;805;6224
1844;404;404;3534;45044
1845;4821;4821;3705;49526
1846;1181;1181;7225;38188
1847;7072;7072;6631;23954
1848;580;580;5718;37646
1849;816;816;9740;30187
1850;1211;1211;4258;0
1851;1089;1089;3655;47654
1852;3776;3776;7745;32762
1853;1399;1399;7955;19989
1854;2705;2705;695;26899
1855;743;743;1624;3691
1856;301;301;4419;39936
1857;435;435;3010;48975
1858;2078;2078;1055;25120
1859;2590;2590;2729;49535
1860;9350;9350;7491;9920
1861;2961;2961;9294;23505
1862;2441;2441;103;21805
1863;2513;2513;7029;30217
1864;1405;1405;3922;4611
1865;2546;2546;9988;3243
1866;3911;3911;6139;27581
1867;1876;1876;7498;8023
1868;1911;1911;5068;25861
1869;1345;1345;4762;48036
1870;1316;1316;3830;19136
1871;3687;3687;1532;6377
1872;1645;1645;5228;13326
1873;2580;2580;4477;34956
1874;9345;9345;5407;27163
1875;2421;2421;6749;46585
1876;1050;1050;5647;25298
1877;182;182;5840;773
1878;2055;2055;513;38944
1879;2100;2100;7539;40538
1880;1569;1569;9067;39147
1881;1124;1124;647;30701
1882;3349;3349;9664;4615
1883;2426;2426;9040;25281
1884;502;502;7277;6419
1885;1573;1573;5191;36306
1886;1781;1781;1857;40426
1887;3262;3262;1063;33113
1888;1106;1106;3291;31145
1889;3293;3293;309;21738
1890;851;851;1364;36218
1891;768;768;5430;15707
1892;588;588;9693;35960
1893;2083;2083;2495;18813
1894;2353;2353;9049;48607
1895;701;701;2365;14716
1896;1590;1590;1237;12329
1897;638;638;8138;17875
1898;1696;1696;6883;32943
1899;2744;2744;3546;2980
1900;1442;1442;7566;17463
1901;703;703;9728;41503
1902;1431;1431;1563;12327
1903;1764;1764;955;25918
1904;1507;1507;5909;18510
1905;2482;2482;2726;23809
1906;415;415;8427;34328
1907;60;60;3268;47806
1908;3436;3436;2548;42826
1909;1246;1246;3946;30313
1910;430;430;5978;28392
1911;1225;1225;8579;39163
1912;1793;1793;2496;10031
1913;709;709;3516;34581
1914;1868;1868;3663;10387
1915;1786;1786;6843;29219
1916;3339;3339;9630;18890
1917;3647;3647;1064;46523
1918;2729;2729;9752;23798
1919;1231;1231;8732;18304
1920;261;261;8131;12816
1921;1370;1370;5075;44467
1922;1744;1744;4206;26877
1923;9512;9512;4758;4123
1924;805;805;3398;11818
1925;1347;1347;8401;3428
1926;1997;1997;1839;20417
1927;9775;9775;2732;44512
1928;555;555;5429;36349
1929;1409;1409;3041;12447
1930;1482;1482;5512;34256
1931;653;653;7509;7422
1932;552;552;8958;17829
1933;1616;1616;6968;35963
1934;583;583;9974;23075
1935;1348;1348;9339;47644
1936;134;134;9085;18373
1937;1393;1393;8709;28697
1938;1448;1448;3130;6770
1939;1488;1488;4551;32610
1940;2047;2047;6765;1977
1941;2623;2623;8590;42620
1942;9524;9524;8516;40287
1943;234;234;9345;832
1944;1659;1659;4331;43345
1945;1276;1276;2785;47054
1946;1037;1037;2933;5676
1947;456;456;6177;1378
1948;676;676;8833;8425
1949;1540;1540;2205;19388
1950;2352;2352;2735;45825
1951;1998;1998;173;15805
1952;1135;1135;8387;44077
1953;1993;1993;8152;14638
1954;989;989;5416;40163
1955;2259;2259;2491;22995
1956;1001;1001;0;0
1957;9877;9877;5522;14626
1958;657;657;6806;8203
1959;1977;1977;7558;14099
1960;2232;2232;7509;15082
1961;245;245;886;3391
1962;6116;6116;5694;39816
1963;59;59;7840;11456
1964;3627;3627;9507;30378
1965;125;125;8435;46057
1966;1363;1363;8470;20969
1967;3660;3660;9622;21334
1968;1501;1501;5529;24067
1969;1210;1210;3543;11506
1970;273;273;4324;12743
1971;3962;3962;7759;10845
1972;1730;1730;921;40193
1973;1510;1510;7934;39753
1974;1722;1722;5200;41188
1975;642;642;1967;16327
1976;500;500;9541;20196
1977;2190;2190;6559;4179
1978;1349;1349;4861;26044
1979;2236;2236;426;10778
1980;1236;1236;612;14764
1981;1148;1148;5467;47752
1982;1344;1344;5662;19039
1983;1508;1508;3900;36087
1984;637;637;3223;16961
1985;647;647;306;16621
1986;3105;3105;5339;18450
1987;1724;1724;9122;13345
1988;1709;1709;806;3190
1989;111;111;1551;45799
1990;1051;1051;7482;79
1991;3141;3141;3817;33017
1992;1692;1692;2278;10170
1993;4166;4166;1150;14597
1994;1630;1630;5621;41688
1995;2108;2108;3664;29218
1996;2517;2517;1070;12161
1997;1351;1351;750;31163
1998;1917;1917;9010;9908
1999;2206;2206;910;4774
2000;1033;1033;5862;22375
