std_id;std_st_id;std_it_id;std_qtity;std_remainingqtity
1;41;41;4279;1134
2;1438;1438;1127;1557
3;704;704;147;2185
4;9929;9929;4927;596
5;9514;9514;2086;2607
6;1204;1204;3184;1532
7;1702;1702;4855;1257
8;2372;2372;3226;440
9;73;73;2898;2110
10;9272;9272;2967;2887
11;9773;9773;2234;550
12;2415;2415;1143;27
13;9450;9450;468;2344
14;237;237;4636;1342
15;7318;7318;1682;109
16;9446;9446;83;1924
17;122;122;2479;2749
18;2311;2311;2035;81
19;9413;9413;1996;1279
20;1524;1524;2249;2511
21;2041;2041;4644;184
22;1041;1041;1407;1580
23;133;133;1162;1204
24;1768;1768;4214;576
25;9557;9557;1441;1158
26;1572;1572;4444;1596
27;605;605;1526;495
28;9932;9932;1445;2726
29;1984;1984;2404;2271
30;189;189;3779;1684
31;344;344;3754;359
32;307;307;4933;750
33;119;119;4015;615
34;331;331;658;470
35;9252;9252;1986;2239
36;9474;9474;2153;1422
37;2761;2761;1358;300
38;9401;9401;3415;1093
39;1397;1397;1001;1115
40;362;362;4126;1179
41;2393;2393;1280;71
42;9276;9276;2244;2180
43;384;384;1870;2839
44;1558;1558;861;856
45;1895;1895;822;2075
46;9320;9320;3701;1863
47;9701;9701;4988;1013
48;9283;9283;33;67
49;1172;1172;4501;2994
50;5593;5593;3575;2542
51;9746;9746;1853;1461
52;9926;9926;1390;2186
53;375;375;983;2771
54;1913;1913;2477;2098
55;8965;8965;1088;1254
56;395;395;2872;2555
57;9817;9817;4966;352
58;8;8;933;1609
59;2030;2030;3485;2438
60;9598;9598;2643;1011
61;125;125;1658;1037
62;411;411;3409;1531
63;198;198;822;1170
64;213;213;4119;426
65;372;372;4214;2527
66;9824;9824;2301;2801
67;819;819;2129;2413
68;1053;1053;4811;1873
69;1096;1096;2649;2103
70;9882;9882;4530;1687
71;983;983;3725;1624
72;9425;9425;4064;1655
73;195;195;1033;1967
74;1751;1751;2871;100
75;2711;2711;969;2440
76;9498;9498;2400;1005
77;9765;9765;4537;1742
78;5195;5195;301;348
79;733;733;3392;1501
80;9573;9573;2740;2296
81;9971;9971;4456;582
82;9881;9881;1492;427
83;488;488;1944;2733
84;9757;9757;3829;2730
85;914;914;1926;223
86;9772;9772;2364;1174
87;2136;2136;3950;980
88;241;241;1537;0
89;15;15;4570;1517
90;1607;1607;4114;2216
91;1494;1494;2187;2685
92;9637;9637;425;1069
93;170;170;4930;1692
94;1325;1325;3359;1656
95;258;258;2467;104
96;814;814;2871;141
97;9784;9784;1421;1540
98;3723;3723;2752;1010
99;9354;9354;1647;2413
100;409;409;3521;1329
101;1069;1069;1572;2275
102;9852;9852;177;2450
103;328;328;2384;2140
104;9660;9660;4972;964
105;9689;9689;4851;1306
106;2511;2511;2790;918
107;9912;9912;356;2806
108;645;645;3112;219
109;9724;9724;1508;2670
110;846;846;3689;2658
111;9936;9936;3335;248
112;981;981;4664;812
113;1519;1519;2541;4
114;9210;9210;745;107
115;71;71;3188;141
116;614;614;165;428
117;294;294;1465;609
118;1079;1079;1994;1799
119;491;491;2192;1440
120;1400;1400;1850;203
121;9599;9599;3352;1353
122;1464;1464;591;1821
123;125;125;240;895
124;9764;9764;3536;2658
125;215;215;2342;2419
126;751;751;0;618
127;9472;9472;3299;2932
128;9525;9525;4134;2999
129;332;332;2675;1862
130;1036;1036;403;2960
131;955;955;3098;900
132;1952;1952;978;2995
133;343;343;1785;2330
134;525;525;3654;2019
135;349;349;4871;2227
136;1537;1537;1167;2847
137;418;418;0;0
138;9754;9754;4278;1442
139;597;597;4108;2464
140;125;125;1972;1426
141;14;14;3978;1811
142;972;972;4136;417
143;1115;1115;2007;954
144;1499;1499;837;1310
145;9390;9390;28;1860
146;9676;9676;880;1967
147;262;262;779;1872
148;87;87;2523;1065
149;9869;9869;2884;1584
150;795;795;4184;1514
151;564;564;171;2676
152;9399;9399;2301;2532
153;2726;2726;1406;2742
154;732;732;4428;2570
155;1374;1374;559;2210
156;2156;2156;4798;2977
157;606;606;169;453
158;229;229;981;1554
159;524;524;4937;2483
160;163;163;3849;1546
161;2799;2799;2630;688
162;2310;2310;1551;986
163;1046;1046;3656;2807
164;971;971;2682;1357
165;2129;2129;2708;2711
166;942;942;3410;1758
167;1028;1028;2711;254
168;34;34;1550;1483
169;108;108;1009;985
170;9418;9418;2671;880
171;923;923;4579;295
172;1038;1038;3910;1987
173;9655;9655;1058;1146
174;9973;9973;4493;372
175;1267;1267;3016;2630
176;9458;9458;3056;2786
177;1118;1118;4843;399
178;1065;1065;0;510
179;5987;5987;2514;2036
180;476;476;562;690
181;226;226;4361;546
182;1626;1626;2757;2553
183;9688;9688;4819;1348
184;3174;3174;414;1484
185;9987;9987;4950;2187
186;448;448;2504;427
187;9897;9897;3102;1158
188;682;682;1692;425
189;9560;9560;1550;119
190;9982;9982;1226;2043
191;944;944;3857;1773
192;9289;9289;4701;1292
193;321;321;186;1959
194;207;207;4341;917
195;1034;1034;259;738
196;354;354;4343;825
197;256;256;2427;610
198;289;289;480;2597
199;9568;9568;4326;1600
200;790;790;3130;102
201;9758;9758;1619;1713
202;909;909;0;388
203;1215;1215;3170;80
204;1113;1113;4229;703
205;3207;3207;1513;1219
206;121;121;213;689
207;9933;9933;4606;1385
208;327;327;1261;2369
209;9551;9551;1243;2941
210;3541;3541;1913;2424
211;382;382;1412;2577
212;1624;1624;2503;2943
213;9565;9565;4956;2519
214;6340;6340;2656;1793
215;934;934;418;1000
216;9736;9736;576;1135
217;9855;9855;1092;2639
218;116;116;2812;1323
219;2409;2409;1136;2171
220;585;585;3706;2284
221;9669;9669;178;599
222;9836;9836;4606;2829
223;9804;9804;1717;1364
224;2360;2360;1161;1942
225;9454;9454;324;2108
226;4489;4489;2153;2003
227;2198;2198;2970;27
228;82;82;4392;229
229;9511;9511;4569;2635
230;186;186;798;1805
231;3781;3781;150;2176
232;935;935;588;803
233;341;341;2576;1911
234;553;553;517;1934
235;9825;9825;4385;1977
236;9908;9908;3944;157
237;202;202;1190;2473
238;27;27;3528;644
239;710;710;3305;265
240;1860;1860;201;1498
241;6240;6240;344;2042
242;1563;1563;1242;1789
243;778;778;1859;485
244;3466;3466;4780;696
245;46;46;137;2467
246;1320;1320;3723;1830
247;655;655;3902;1774
248;9760;9760;2044;165
249;1477;1477;4769;2918
250;725;725;3765;2603
251;9566;9566;4167;1186
252;271;271;1530;2288
253;9402;9402;1291;425
254;128;128;1775;2316
255;727;727;4148;2503
256;2621;2621;3524;1885
257;964;964;4902;2025
258;9625;9625;2009;0
259;3001;3001;3905;1138
260;617;617;4361;1596
261;308;308;2243;2216
262;9626;9626;213;661
263;144;144;1692;1156
264;648;648;445;2735
265;2125;2125;1763;1135
266;253;253;824;248
267;9264;9264;4927;1774
268;651;651;4439;1031
269;518;518;3272;584
270;716;716;1474;2817
271;9793;9793;4386;842
272;345;345;2565;1662
273;9665;9665;4507;1994
274;9364;9364;934;1057
275;9532;9532;3362;673
276;660;660;3936;241
277;1152;1152;2747;1811
278;731;731;1938;2344
279;696;696;1023;667
280;150;150;1601;2476
281;893;893;3252;277
282;413;413;926;229
283;169;169;4624;2862
284;47;47;804;311
285;16;16;1632;31
286;1811;1811;3620;618
287;804;804;4298;2888
288;665;665;801;377
289;602;602;1369;2596
290;1002;1002;860;2432
291;333;333;4043;91
292;178;178;4182;1133
293;9838;9838;4623;1334
294;3562;3562;3945;2048
295;1515;1515;2958;1049
296;1754;1754;130;836
297;137;137;4550;885
298;389;389;1413;2055
299;9738;9738;3017;2350
300;1428;1428;4314;448
301;9888;9888;3796;692
302;317;317;4464;798
303;12;12;3773;1189
304;56;56;3294;349
305;9927;9927;4379;2076
306;9786;9786;1602;941
307;63;63;2024;2192
308;9827;9827;356;1230
309;337;337;3413;2753
310;9972;9972;211;2075
311;4442;4442;776;692
312;831;831;2963;2541
313;9614;9614;985;1357
314;423;423;2304;1663
315;1584;1584;1108;1319
316;9909;9909;1317;1987
317;206;206;589;800
318;1365;1365;888;845
319;2251;2251;3814;2703
320;9453;9453;3143;517
321;3214;3214;1526;360
322;9113;9113;4126;1397
323;298;298;3069;1436
324;600;600;2411;1153
325;9851;9851;2432;2725
326;11;11;203;2709
327;350;350;2942;327
328;5;5;562;2947
329;9795;9795;2977;7
330;5015;5015;3231;2837
331;402;402;4387;2357
332;356;356;1333;2756
333;9510;9510;3922;2994
334;1777;1777;1710;219
335;1803;1803;2805;1783
336;1390;1390;3789;2479
337;275;275;2154;2041
338;249;249;1330;2513
339;5058;5058;1426;1236
340;8669;8669;29;2091
341;216;216;1596;1426
342;9640;9640;3942;1657
343;9634;9634;2388;624
344;6511;6511;1158;520
345;171;171;84;1740
346;3227;3227;1079;551
347;9921;9921;3197;2776
348;9301;9301;2319;2671
349;192;192;2836;728
350;279;279;1641;2063
351;1693;1693;4541;36
352;9550;9550;3662;40
353;9895;9895;2600;2353
354;9670;9670;4874;1833
355;9432;9432;2787;87
356;859;859;4671;2296
357;1688;1688;1394;2362
358;763;763;1361;35
359;672;672;862;624
360;734;734;4175;2367
361;9711;9711;3661;613
362;48;48;1461;2246
363;9989;9989;2380;1222
364;1470;1470;182;2916
365;809;809;825;2719
366;9802;9802;4443;936
367;938;938;4042;2547
368;586;586;4275;1138
369;891;891;0;2881
370;9624;9624;4499;1841
371;9659;9659;2320;2947
372;231;231;4164;1287
373;2484;2484;4260;2609
374;599;599;4463;611
375;3324;3324;3784;2091
376;533;533;1547;1703
377;1910;1910;2585;772
378;89;89;1738;916
379;1281;1281;1911;2414
380;473;473;2327;2174
381;9540;9540;1352;2934
382;9690;9690;2007;656
383;339;339;622;2218
384;1342;1342;2726;945
385;646;646;1335;2801
386;537;537;3690;2316
387;391;391;725;403
388;9863;9863;3733;1161
389;322;322;4049;131
390;83;83;3924;2488
391;126;126;3135;116
392;7763;7763;2394;2005
393;587;587;792;1888
394;102;102;468;1869
395;123;123;2251;0
396;573;573;1369;1478
397;93;93;134;2181
398;1376;1376;1561;435
399;9231;9231;2205;708
400;359;359;332;802
401;2167;2167;641;803
402;432;432;2037;1004
403;115;115;3922;1638
404;1423;1423;2821;2791
405;217;217;516;1888
406;3699;3699;2478;2117
407;1186;1186;281;1749
408;1963;1963;4200;431
409;812;812;3817;1741
410;1081;1081;3326;2742
411;101;101;201;1385
412;2243;2243;2933;1523
413;1049;1049;4484;1446
414;9854;9854;4034;622
415;1366;1366;4510;1451
416;436;436;2167;2434
417;461;461;3038;2957
418;2771;2771;3735;28
419;9595;9595;1044;277
420;125;125;1493;115
421;1137;1137;100;402
422;3529;3529;709;533
423;9606;9606;4994;1386
424;827;827;351;1007
425;1108;1108;1363;392
426;277;277;4926;1725
427;901;901;3371;941
428;355;355;3792;2400
429;2871;2871;2211;739
430;1339;1339;2415;2134
431;9691;9691;1413;2911
432;2666;2666;1023;1268
433;539;539;4533;64
434;2648;2648;1578;113
435;51;51;1685;1610
436;949;949;4316;1170
437;194;194;3086;1296
438;31;31;2802;866
439;839;839;2210;330
440;201;201;3858;1829
441;107;107;3408;1051
442;151;151;0;1885
443;887;887;1525;1662
444;9887;9887;4917;1420
445;143;143;722;1747
446;822;822;3722;965
447;931;931;202;1670
448;495;495;2911;1383
449;125;125;1758;437
450;380;380;958;2436
451;9387;9387;83;1522
452;28;28;3331;2152
453;147;147;1399;157
454;361;361;517;593
455;1163;1163;712;400
456;1551;1551;232;270
457;9622;9622;4933;2619
458;9636;9636;2044;630
459;3306;3306;3570;2399
460;3871;3871;1457;162
461;105;105;591;1175
462;535;535;4107;2350
463;915;915;1490;2692
464;124;124;1988;2608
465;310;310;1401;2831
466;1080;1080;1913;116
467;803;803;4178;1458
468;7465;7465;3401;1333
469;4141;4141;2905;2012
470;86;86;2349;280
471;877;877;194;1138
472;4832;4832;4082;2091
473;1064;1064;236;2699
474;228;228;1525;1449
475;3108;3108;2187;2064
476;1279;1279;3085;1518
477;9748;9748;3575;1871
478;489;489;793;2966
479;832;832;4272;2260
480;2557;2557;1629;2427
481;825;825;1161;55
482;1976;1976;2014;2559
483;3254;3254;1612;1962
484;69;69;2833;1304
485;125;125;2127;612
486;2179;2179;4084;758
487;5768;5768;13;1110
488;2146;2146;506;2471
489;9875;9875;3820;2714
490;1350;1350;1346;1340
491;1060;1060;1753;1552
492;3388;3388;2272;665
493;3205;3205;4516;1467
494;576;576;1344;167
495;1527;1527;1618;653
496;2032;2032;4752;1702
497;1100;1100;1918;2193
498;939;939;4538;2055
499;6173;6173;3515;1589
500;125;125;3810;1630
501;559;559;4545;2507
502;818;818;1801;336
503;399;399;5;2371
504;1475;1475;4410;156
505;9800;9800;764;1298
506;1185;1185;1002;2432
507;9942;9942;3094;2454
508;526;526;4874;1709
509;264;264;3331;1529
510;2119;2119;2628;1883
511;529;529;1657;1400
512;623;623;0;2653
513;9159;9159;4140;1371
514;282;282;2772;2972
515;377;377;1941;107
516;2505;2505;295;1617
517;1844;1844;3577;387
518;211;211;2494;1388
519;244;244;3658;1996
520;9853;9853;4862;2072
521;320;320;2317;2007
522;42;42;1899;1988
523;1809;1809;3671;1620
524;1802;1802;4582;0
525;9597;9597;1559;672
526;9403;9403;595;1729
527;125;125;2923;473
528;1189;1189;4567;623
529;913;913;3892;2531
530;2188;2188;4907;795
531;548;548;2436;362
532;470;470;1167;2325
533;1067;1067;4038;2816
534;9592;9592;2278;1376
535;24;24;462;630
536;9947;9947;2085;2921
537;348;348;4360;2719
538;96;96;2009;187
539;9559;9559;2202;1806
540;191;191;2068;6
541;2122;2122;1125;1180
542;1385;1385;990;1304
543;1418;1418;139;2401
544;619;619;2176;941
545;835;835;1191;830
546;9944;9944;4689;2940
547;749;749;2614;1899
548;4593;4593;4500;2295
549;9709;9709;2575;1495
550;889;889;1048;59
551;177;177;3042;2037
552;493;493;2257;1314
553;265;265;3260;804
554;9623;9623;4676;59
555;94;94;1197;2517
556;1432;1432;1910;2624
557;9703;9703;873;519
558;9683;9683;2220;1717
559;9388;9388;3447;1699
560;3808;3808;3815;1427
561;9732;9732;2842;825
562;5623;5623;1435;1808
563;1920;1920;4202;2924
564;255;255;4968;914
565;558;558;895;1167
566;9801;9801;1461;2558
567;784;784;2620;1584
568;561;561;1861;1276
569;9695;9695;2310;740
570;884;884;4856;51
571;1055;1055;935;389
572;1269;1269;1568;1429
573;9537;9537;292;1582
574;2509;2509;1590;1382
575;267;267;3737;815
576;937;937;1327;767
577;8982;8982;1759;2606
578;1084;1084;1495;1046
579;167;167;3390;789
580;1918;1918;1870;732
581;4310;4310;2982;2831
582;4861;4861;3423;1178
583;9913;9913;1992;2128
584;1609;1609;2844;2471
585;1619;1619;1865;1758
586;633;633;178;2048
587;947;947;2907;1520
588;9812;9812;4362;2756
589;306;306;1080;1859
590;97;97;3552;1007
591;943;943;1211;2401
592;632;632;2139;0
593;422;422;3562;1001
594;1343;1343;3388;1489
595;3514;3514;4226;378
596;741;741;4690;2181
597;1627;1627;1788;2373
598;132;132;172;1381
599;1779;1779;1281;1487
600;9456;9456;4731;2775
601;621;621;2069;1273
602;125;125;752;1355
603;383;383;2189;622
604;442;442;2719;1554
605;55;55;112;1443
606;9682;9682;1474;2671
607;1425;1425;1965;608
608;607;607;1670;2733
609;180;180;939;2423
610;9448;9448;4871;2245
611;918;918;150;1750
612;1294;1294;4379;18
613;1748;1748;0;2474
614;2215;2215;3831;927
615;668;668;1576;966
616;1690;1690;832;1597
617;440;440;4419;2647
618;188;188;4444;2680
619;961;961;1358;452
620;1016;1016;3103;2156
621;719;719;0;2119
622;260;260;716;1037
623;9642;9642;3554;1829
624;1774;1774;3258;2418
625;9966;9966;781;2734
626;1562;1562;3758;651
627;32;32;3645;2388
628;479;479;3797;2940
629;9306;9306;3006;1203
630;1358;1358;1904;2201
631;755;755;2364;1442
632;240;240;4047;2387
633;9391;9391;4540;1118
634;761;761;1587;1271
635;316;316;213;2517
636;1155;1155;3660;2377
637;1293;1293;4802;2208
638;460;460;2229;2625
639;431;431;1234;684
640;767;767;4274;2801
641;708;708;2731;1150
642;9962;9962;390;2316
643;2267;2267;3214;2098
644;33;33;1237;511
645;114;114;3423;109
646;2783;2783;1210;989
647;152;152;3402;2928
648;439;439;1832;74
649;2133;2133;3309;523
650;400;400;1986;1782
651;1171;1171;2556;2535
652;2150;2150;4807;2693
653;284;284;245;929
654;243;243;429;2332
655;758;758;2070;655
656;9957;9957;565;235
657;1682;1682;1176;2527
658;142;142;3811;1205
659;346;346;4972;1821
660;557;557;3431;792
661;1326;1326;4074;283
662;1575;1575;0;669
663;9956;9956;1316;1529
664;1213;1213;3469;222
665;50;50;60;803
666;849;849;4306;2364
667;9518;9518;1892;1900
668;690;690;330;1202
669;1254;1254;3564;1411
670;183;183;4166;1589
671;1386;1386;171;0
672;38;38;1774;2389
673;168;168;3604;22
674;625;625;3185;1995
675;164;164;170;651
676;318;318;3628;1005
677;824;824;2712;2804
678;728;728;2502;1940
679;659;659;2317;1318
680;2009;2009;4836;2308
681;4684;4684;4572;1744
682;458;458;356;724
683;159;159;1812;2314
684;775;775;487;2417
685;9544;9544;1019;2421
686;691;691;4349;2666
687;1887;1887;2558;1749
688;252;252;3801;1457
689;1367;1367;4111;1786
690;66;66;4517;616
691;125;125;4649;2281
692;236;236;2483;2851
693;990;990;990;1003
694;184;184;2258;803
695;214;214;2804;2893
696;2593;2593;199;2518
697;225;225;1414;481
698;1460;1460;1922;786
699;412;412;3154;1875
700;1025;1025;1932;2708
701;499;499;1530;746
702;205;205;879;2089
703;594;594;4838;1725
704;290;290;2667;1663
705;1133;1133;3138;1934
706;1638;1638;211;2393
707;288;288;3953;2513
708;9412;9412;1622;698
709;6604;6604;75;277
710;3493;3493;1801;1326
711;283;283;4358;852
712;895;895;3063;1296
713;1560;1560;3860;1209
714;516;516;3976;1897
715;1533;1533;400;76
716;9906;9906;3074;68
717;100;100;2261;969
718;9818;9818;829;1252
719;5679;5679;2449;2108
720;567;567;712;556
721;300;300;1747;2054
722;9588;9588;3091;906
723;505;505;1220;113
724;510;510;4048;586
725;9741;9741;4518;2131
726;475;475;2688;1739
727;3106;3106;784;1386
728;9813;9813;1345;2219
729;1259;1259;380;2103
730;2542;2542;4971;1134
731;1176;1176;2214;524
732;342;342;790;2018
733;9463;9463;4349;64
734;928;928;384;1610
735;661;661;3305;1561
736;1927;1927;3692;2656
737;319;319;519;1999
738;109;109;0;651
739;1377;1377;4146;482
740;2656;2656;2350;28
741;3415;3415;808;152
742;19;19;396;1051
743;1883;1883;936;1179
744;1565;1565;3725;460
745;347;347;2309;2765
746;2767;2767;158;984
747;4023;4023;1585;1641
748;480;480;3623;2106
749;2710;2710;2015;727
750;72;72;1858;2824
751;4532;4532;4730;1548
752;956;956;2938;2229
753;193;193;585;1678
754;799;799;4473;1318
755;9604;9604;2441;654
756;287;287;184;2840
757;2249;2249;3440;1975
758;9214;9214;4660;1138
759;9;9;790;2532
760;833;833;3150;195
761;187;187;449;1007
762;175;175;4428;294
763;608;608;2607;1595
764;896;896;1241;2144
765;2687;2687;105;802
766;406;406;4588;1834
767;1315;1315;3568;1231
768;9998;9998;3715;2600
769;3307;3307;3475;335
770;45;45;671;421
771;62;62;1708;1069
772;1057;1057;2554;318
773;9889;9889;3116;769
774;2787;2787;3479;2080
775;9946;9946;1641;404
776;363;363;316;1002
777;323;323;811;2728
778;274;274;4366;2654
779;9755;9755;3912;822
780;540;540;3889;1147
781;257;257;2932;97
782;9410;9410;4065;2280
783;1313;1313;3769;1492
784;894;894;4488;2279
785;870;870;650;2586
786;85;85;2032;1295
787;973;973;1629;339
788;2002;2002;1318;1747
789;9798;9798;1907;955
790;1436;1436;200;1722
791;9571;9571;4866;680
792;916;916;4033;860
793;1219;1219;4730;1119
794;74;74;995;287
795;4846;4846;1900;2021
796;1814;1814;1380;2859
797;174;174;2789;2457
798;2165;2165;4695;2035
799;3404;3404;3620;0
800;53;53;2721;2658
801;1107;1107;1591;930
802;641;641;2870;2753
803;125;125;148;2042
804;782;782;1343;1770
805;9696;9696;149;306
806;997;997;2175;1755
807;1331;1331;4822;1230
808;135;135;0;1459
809;1628;1628;2106;2598
810;5611;5611;2831;914
811;1545;1545;2125;2652
812;482;482;4373;112
813;1394;1394;4074;2321
814;9479;9479;747;316
815;1489;1489;1901;1385
816;3272;3272;217;97
817;299;299;1384;1727
818;3062;3062;658;1802
819;9819;9819;3119;2316
820;1450;1450;590;2558
821;933;933;3074;2508
822;7028;7028;2959;1495
823;1673;1673;2250;2485
824;76;76;1807;1645
825;378;378;3275;1614
826;490;490;806;2741
827;952;952;2675;208
828;469;469;2825;2199
829;797;797;2121;482
830;1957;1957;1578;59
831;2494;2494;261;545
832;9692;9692;2527;1546
833;1302;1302;1116;692
834;508;508;746;2997
835;88;88;1190;2893
836;9828;9828;2298;1394
837;3674;3674;62;1056
838;752;752;3917;510
839;9799;9799;2425;1186
840;90;90;4338;0
841;98;98;3476;524
842;1119;1119;2210;1356
843;730;730;4523;2836
844;1266;1266;3487;741
845;1327;1327;4783;832
846;7954;7954;827;1303
847;575;575;791;1609
848;2224;2224;3285;1359
849;680;680;2828;544
850;368;368;778;2735
851;465;465;516;190
852;723;723;721;293
853;219;219;4671;1056
854;2127;2127;4105;140
855;68;68;546;2477
856;2299;2299;4763;150
857;408;408;4342;2435
858;902;902;1062;268
859;2627;2627;1873;397
860;3060;3060;537;155
861;9948;9948;2475;565
862;311;311;4351;1546
863;172;172;2701;2031
864;823;823;527;977
865;9955;9955;2570;2539
866;371;371;4598;369
867;136;136;3257;1106
868;1333;1333;3328;2421
869;3732;3732;4558;2325
870;18;18;4604;423
871;2429;2429;155;2991
872;1091;1091;2468;2041
873;9980;9980;3233;1217
874;6824;6824;3781;616
875;953;953;2115;1792
876;199;199;863;1202
877;523;523;3436;2672
878;492;492;3763;753
879;386;386;2025;1652
880;1174;1174;2448;341
881;582;582;14;5
882;2545;2545;4391;1381
883;1156;1156;4998;2665
884;1441;1441;1343;2465
885;1228;1228;1062;291
886;1472;1472;4540;2766
887;212;212;2856;2489
888;613;613;2012;1406
889;1502;1502;200;1215
890;239;239;1427;2847
891;593;593;2956;457
892;522;522;4000;1125
893;1371;1371;2044;659
894;912;912;1888;354
895;153;153;1863;620
896;9721;9721;4126;1979
897;1131;1131;4509;2325
898;958;958;3996;1858
899;20;20;917;1203
900;44;44;184;463
901;4;4;2570;197
902;1666;1666;2464;2189
903;9475;9475;3727;2035
904;2556;2556;3224;120
905;2388;2388;622;2744
906;1985;1985;3048;1149
907;292;292;2488;2077
908;924;924;889;440
909;3708;3708;1989;1349
910;717;717;4683;1275
911;2579;2579;1326;478
912;9219;9219;579;1682
913;407;407;4038;1616
914;9823;9823;4425;55
915;810;810;523;149
916;281;281;3085;2185
917;568;568;4353;1881
918;930;930;1358;2567
919;313;313;4465;686
920;1359;1359;3030;2773
921;1082;1082;1741;880
922;376;376;1244;2701
923;1453;1453;3128;1205
924;1906;1906;3131;2479
925;425;425;1647;2966
926;9687;9687;1156;1866
927;445;445;424;1382
928;9777;9777;1345;862
929;312;312;1917;2997
930;113;113;2990;2813
931;2786;2786;1354;1877
932;994;994;4441;814
933;520;520;2845;2551
934;9829;9829;1840;1188
935;828;828;4878;144
936;141;141;2551;817
937;181;181;663;2346
938;702;702;1774;2544
939;1668;1668;720;2721
940;125;125;3014;2142
941;536;536;2051;689
942;1989;1989;1967;2049
943;1588;1588;22;57
944;429;429;517;2941
945;843;843;100;2368
946;1592;1592;2377;1776
947;9759;9759;4962;2509
948;463;463;2619;604
949;9584;9584;1365;205
950;6267;6267;3779;1436
951;9341;9341;4773;97
952;1248;1248;3150;2759
953;685;685;4531;1172
954;1701;1701;2887;1431
955;3968;3968;3443;2584
956;9523;9523;1326;496
957;1217;1217;4337;983
958;2385;2385;596;2557
959;534;534;1576;154
960;1898;1898;4467;878
961;1458;1458;2624;2768
962;595;595;1143;1214
963;663;663;3973;443
964;1138;1138;4000;1536
965;1306;1306;3329;2398
966;373;373;1886;2665
967;1961;1961;2734;2132
968;1071;1071;2197;428
969;1336;1336;4548;2911
970;357;357;2973;2333
971;9716;9716;2421;2839
972;117;117;2578;2338
973;9337;9337;638;2846
974;451;451;1450;1544
975;13;13;979;2083
976;800;800;4775;1831
977;853;853;1221;2643
978;259;259;2610;1265
979;1474;1474;3030;110
980;2451;2451;4271;1190
981;9309;9309;1194;2357
982;1027;1027;2805;778
983;681;681;4981;657
984;1531;1531;3138;1560
985;715;715;3217;2716
986;1943;1943;3204;2119
987;1646;1646;4910;2642
988;538;538;4958;1119
989;1073;1073;3397;1605
990;9910;9910;3552;2648
991;675;675;3214;2834
992;57;57;66;2790
993;1541;1541;197;2389
994;254;254;1254;1843
995;1382;1382;390;2375
996;9974;9974;908;2475
997;1557;1557;2994;1605
998;801;801;1023;1522
999;139;139;2189;542
1000;374;374;3215;2704
1001;428;428;4643;2645
1002;652;652;2764;2081
1003;266;266;3071;693
1004;2130;2130;3392;0
1005;649;649;1357;872
1006;233;233;2194;1598
1007;695;695;2512;760
1008;9658;9658;3080;2913
1009;1586;1586;1908;2628
1010;581;581;3668;2348
1011;544;544;104;752
1012;421;421;1726;854
1013;579;579;2567;2719
1014;417;417;2306;2447
1015;616;616;3273;1965
1016;9884;9884;4819;1522
1017;774;774;1162;1990
1018;1009;1009;834;557
1019;700;700;782;1884
1020;2284;2284;124;1820
1021;2743;2743;1977;279
1022;9847;9847;2777;22
1023;687;687;3801;1012
1024;3809;3809;996;1823
1025;3588;3588;4759;263
1026;272;272;2355;2499
1027;3252;3252;2381;49
1028;664;664;0;2949
1029;2;2;4385;1003
1030;962;962;1060;2169
1031;1704;1704;71;2608
1032;1407;1407;1781;226
1033;2131;2131;198;1121
1034;9577;9577;421;722
1035;917;917;4816;407
1036;7871;7871;4628;1545
1037;158;158;3430;275
1038;9548;9548;4734;85
1039;765;765;1588;2785
1040;815;815;1780;2963
1041;689;689;1022;1955
1042;1383;1383;692;2206
1043;1463;1463;1830;13
1044;1516;1516;3050;1772
1045;305;305;4729;852
1046;125;125;3447;1794
1047;483;483;1487;115
1048;919;919;2499;343
1049;160;160;2892;424
1050;1643;1643;2982;320
1051;1045;1045;571;385
1052;1301;1301;4746;1918
1053;679;679;2160;2722
1054;879;879;240;2702
1055;49;49;2064;263
1056;756;756;1238;2681
1057;1601;1601;0;1633
1058;1243;1243;1866;257
1059;353;353;3964;430
1060;9025;9025;2075;1373
1061;2128;2128;3634;1549
1062;210;210;4003;811
1063;1026;1026;4814;1910
1064;125;125;3128;459
1065;1663;1663;2019;2740
1066;658;658;1836;526
1067;9473;9473;1887;2733
1068;2169;2169;4906;1996
1069;9261;9261;1304;2040
1070;162;162;2752;420
1071;2193;2193;2679;1246
1072;9903;9903;4843;1904
1073;808;808;84;772
1074;1518;1518;4574;1921
1075;1299;1299;4054;2865
1076;1617;1617;4760;1073
1077;584;584;4433;8
1078;2022;2022;147;2240
1079;4936;4936;4727;971
1080;9923;9923;4072;0
1081;569;569;2549;1469
1082;515;515;3271;2384
1083;1289;1289;4857;2706
1084;434;434;4489;2525
1085;1322;1322;1402;682
1086;724;724;489;1784
1087;1421;1421;325;690
1088;786;786;4621;504
1089;1337;1337;4959;1420
1090;2674;2674;3357;458
1091;697;697;3578;726
1092;9737;9737;2761;2913
1093;1830;1830;4466;17
1094;1415;1415;2658;2655
1095;1208;1208;2955;1412
1096;560;560;2778;1414
1097;296;296;1209;1143
1098;1406;1406;2564;295
1099;1485;1485;4811;2555
1100;449;449;1214;2033
1101;2134;2134;2842;325
1102;481;481;3542;2062
1103;2452;2452;183;1119
1104;643;643;4748;1304
1105;589;589;213;4
1106;1493;1493;3139;2075
1107;9619;9619;486;1481
1108;9590;9590;172;1146
1109;2112;2112;3106;800
1110;1461;1461;480;2837
1111;3330;3330;2632;2190
1112;3018;3018;1091;2673
1113;7284;7284;2140;2394
1114;156;156;4893;2287
1115;446;446;4527;1961
1116;3035;3035;363;1990
1117;978;978;4147;1843
1118;722;722;325;1287
1119;1755;1755;1725;1227
1120;979;979;1530;1675
1121;509;509;1510;2049
1122;1965;1965;2266;22
1123;3412;3412;4948;1312
1124;1534;1534;2948;1537
1125;9950;9950;4175;1313
1126;711;711;4918;507
1127;2271;2271;376;1229
1128;2034;2034;2427;2250
1129;5421;5421;1619;2361
1130;1353;1353;1276;507
1131;9872;9872;3551;1721
1132;302;302;1868;777
1133;1021;1021;336;453
1134;1404;1404;3513;206
1135;155;155;1229;645
1136;1892;1892;4007;0
1137;2384;2384;3088;2408
1138;58;58;108;1264
1139;453;453;4275;1402
1140;1924;1924;3264;2520
1141;1132;1132;3;1608
1142;315;315;153;302
1143;796;796;1515;2544
1144;190;190;4478;2705
1145;1604;1604;724;1584
1146;379;379;2487;1269
1147;1536;1536;620;1054
1148;1229;1229;4574;518
1149;684;684;3132;731
1150;459;459;2592;694
1151;1011;1011;3632;2422
1152;1435;1435;884;2572
1153;622;622;838;2857
1154;926;926;3280;2069
1155;2495;2495;4704;879
1156;1654;1654;575;2984
1157;677;677;3595;303
1158;1791;1791;2235;749
1159;338;338;572;2582
1160;988;988;295;2991
1161;2390;2390;2762;2497
1162;862;862;3060;846
1163;314;314;3554;2232
1164;2266;2266;1830;1786
1165;9751;9751;1930;293
1166;52;52;763;1115
1167;699;699;754;1412
1168;601;601;3628;2219
1169;904;904;3663;2187
1170;443;443;519;1642
1171;9680;9680;2275;2554
1172;6996;6996;4038;726
1173;531;531;1050;440
1174;1388;1388;3462;1768
1175;2197;2197;1527;2620
1176;1566;1566;1357;1373
1177;781;781;751;2506
1178;1610;1610;469;317
1179;836;836;2223;2729
1180;5115;5115;1688;268
1181;326;326;4298;259
1182;1134;1134;803;2990
1183;179;179;4295;497
1184;726;726;4028;1555
1185;9986;9986;2644;2939
1186;9714;9714;2667;936
1187;9845;9845;1030;1865
1188;1476;1476;2057;1709
1189;1849;1849;3809;2575
1190;2587;2587;654;223
1191;2031;2031;412;341
1192;1168;1168;852;1658
1193;2166;2166;4537;1682
1194;2782;2782;3980;1412
1195;1000;1000;501;23
1196;1987;1987;1943;762
1197;1419;1419;1600;1071
1198;673;673;4685;758
1199;1618;1618;2548;2412
1200;666;666;4962;469
1201;735;735;1732;2857
1202;9674;9674;1993;1836
1203;9995;9995;910;1332
1204;9445;9445;2612;2089
1205;2677;2677;316;1140
1206;1015;1015;4595;1696
1207;358;358;4835;2131
1208;875;875;2376;1089
1209;9968;9968;1753;2449
1210;1857;1857;3346;2507
1211;54;54;4824;478
1212;779;779;3126;2987
1213;91;91;12;1021
1214;1232;1232;3885;2314
1215;9656;9656;998;2731
1216;336;336;1959;2508
1217;9486;9486;3765;348
1218;1737;1737;4527;676
1219;43;43;4186;1847
1220;644;644;4263;2357
1221;2474;2474;4734;2250
1222;563;563;3697;2703
1223;1665;1665;4819;2645
1224;369;369;3009;1964
1225;543;543;107;1300
1226;974;974;1423;896
1227;2373;2373;4502;2044
1228;9873;9873;2070;2029
1229;1312;1312;2961;1744
1230;1653;1653;4584;1858
1231;854;854;4758;302
1232;3126;3126;1067;1747
1233;776;776;2921;906
1234;840;840;2262;2260
1235;1175;1175;4956;412
1236;1006;1006;2305;1424
1237;3933;3933;4894;1657
1238;3591;3591;1683;1408
1239;1788;1788;3711;415
1240;3608;3608;3050;1242
1241;876;876;2832;1805
1242;1778;1778;3654;776
1243;462;462;304;2261
1244;77;77;463;67
1245;1192;1192;830;2745
1246;977;977;2287;355
1247;238;238;839;637
1248;9653;9653;651;2369
1249;1007;1007;2981;1681
1250;1856;1856;3543;516
1251;829;829;3179;413
1252;1330;1330;2074;394
1253;3289;3289;499;1911
1254;2300;2300;3286;54
1255;966;966;227;1219
1256;612;612;3036;153
1257;2423;2423;0;2192
1258;760;760;2174;2369
1259;3462;3462;2901;789
1260;1891;1891;2505;244
1261;9994;9994;3893;2653
1262;860;860;93;102
1263;712;712;2764;2345
1264;1087;1087;4416;591
1265;963;963;2169;2205
1266;847;847;3589;1732
1267;596;596;3757;2080
1268;2754;2754;205;1761
1269;3599;3599;2751;1901
1270;1487;1487;3930;1307
1271;1183;1183;3694;850
1272;856;856;2065;1940
1273;9961;9961;2082;261
1274;1885;1885;815;605
1275;1595;1595;1135;552
1276;2318;2318;1430;1473
1277;965;965;1079;442
1278;2774;2774;3393;2577
1279;9493;9493;4356;2219
1280;785;785;2178;945
1281;2925;2925;2820;258
1282;946;946;583;2676
1283;3417;3417;3850;347
1284;3089;3089;4090;1228
1285;9809;9809;4418;1444
1286;556;556;1405;2908
1287;1235;1235;2684;2836
1288;2781;2781;567;852
1289;549;549;4635;1040
1290;466;466;2034;258
1291;2226;2226;1920;2233
1292;604;604;130;2289
1293;5449;5449;1992;619
1294;472;472;4179;171
1295;1445;1445;4818;1590
1296;504;504;2957;1703
1297;381;381;68;1432
1298;830;830;4238;1670
1299;403;403;3135;862
1300;669;669;1874;1013
1301;507;507;2074;1276
1302;120;120;2082;1876
1303;1564;1564;3089;467
1304;1256;1256;1722;373
1305;1140;1140;4288;2667
1306;1179;1179;1477;1474
1307;1013;1013;1097;133
1308;4464;4464;1258;1306
1309;1765;1765;4364;2503
1310;892;892;1855;2747
1311;2844;2844;4149;2712
1312;125;125;4643;2615
1313;9782;9782;2818;149
1314;2137;2137;723;2845
1315;9981;9981;4685;2986
1316;1542;1542;3310;2978
1317;1303;1303;1243;2755
1318;841;841;3675;1117
1319;1088;1088;4998;2147
1320;9814;9814;764;2297
1321;4557;4557;904;1896
1322;554;554;3189;1227
1323;3451;3451;570;721
1324;888;888;716;1642
1325;70;70;2010;2075
1326;577;577;3563;1561
1327;325;325;72;1320
1328;1901;1901;2903;90
1329;2706;2706;997;2015
1330;269;269;3179;1849
1331;1114;1114;1362;41
1332;1605;1605;1841;1772
1333;1907;1907;257;1714
1334;906;906;2481;1206
1335;185;185;104;2669
1336;932;932;738;1383
1337;1416;1416;2494;2208
1338;995;995;2128;2975
1339;125;125;4803;1561
1340;1672;1672;2941;2970
1341;1815;1815;308;2775
1342;7498;7498;1425;1530
1343;706;706;1204;1350
1344;920;920;2780;1293
1345;9576;9576;2886;547
1346;1360;1360;2277;2618
1347;3188;3188;2312;2140
1348;1740;1740;1269;775
1349;794;794;4494;185
1350;486;486;1508;1613
1351;203;203;1714;1949
1352;769;769;1394;314
1353;1022;1022;4241;2523
1354;2915;2915;2371;1566
1355;838;838;969;2117
1356;736;736;3885;48
1357;1240;1240;1512;1154
1358;444;444;2372;1825
1359;603;603;4713;1299
1360;2573;2573;724;1105
1361;2308;2308;1404;154
1362;1835;1835;3194;42
1363;3043;3043;261;2291
1364;9816;9816;1185;653
1365;9668;9668;492;2706
1366;9580;9580;2307;939
1367;1227;1227;4385;900
1368;1840;1840;337;1944
1369;2124;2124;618;175
1370;3582;3582;3946;1603
1371;987;987;815;769
1372;968;968;4116;2780
1373;742;742;3873;2556
1374;940;940;2057;2178
1375;654;654;456;2523
1376;7807;7807;4480;366
1377;268;268;1985;2878
1378;650;650;2790;2428
1379;1576;1576;2831;1095
1380;2094;2094;4733;2457
1381;3999;3999;1251;2422
1382;1716;1716;3804;545
1383;1983;1983;3410;0
1384;3728;3728;4490;2905
1385;173;173;1464;402
1386;791;791;4968;2901
1387;276;276;2601;2727
1388;145;145;2887;2250
1389;883;883;1512;148
1390;125;125;1219;2089
1391;291;291;4227;2621
1392;1040;1040;122;228
1393;1328;1328;2416;382
1394;1029;1029;4078;1675
1395;1890;1890;1536;456
1396;4922;4922;2114;2816
1397;496;496;1164;2732
1398;1094;1094;19;2239
1399;1932;1932;2287;697
1400;9628;9628;578;1588
1401;1855;1855;0;2609
1402;1642;1642;2892;1718
1403;1220;1220;1975;196
1404;1062;1062;650;599
1405;3348;3348;548;1583
1406;694;694;692;843
1407;3975;3975;2599;2169
1408;998;998;2522;759
1409;634;634;2183;345
1410;3539;3539;1915;2044
1411;309;309;1490;1751
1412;542;542;1900;0
1413;1047;1047;3722;170
1414;744;744;4541;1727
1415;1434;1434;4980;730
1416;9681;9681;4473;1842
1417;1272;1272;2601;1684
1418;110;110;4785;2609
1419;693;693;772;138
1420;394;394;4721;1888
1421;1459;1459;525;752
1422;1123;1123;4706;2979
1423;127;127;1498;1689
1424;1205;1205;3825;751
1425;125;125;4399;2855
1426;1801;1801;4720;554
1427;209;209;693;1374
1428;235;235;1700;387
1429;1260;1260;4795;1105
1430;866;866;521;2100
1431;1467;1467;3342;2362
1432;9867;9867;3316;2791
1433;166;166;1965;1127
1434;3061;3061;502;2181
1435;9710;9710;2252;839
1436;2588;2588;1841;1486
1437;3297;3297;4276;738
1438;1942;1942;3154;2226
1439;393;393;2861;2946
1440;1484;1484;3797;1322
1441;3153;3153;3866;2560
1442;2512;2512;2446;732
1443;1532;1532;418;1968
1444;1548;1548;972;1905
1445;3826;3826;21;1105
1446;844;844;4320;338
1447;4021;4021;504;2450
1448;2234;2234;581;1501
1449;3891;3891;2436;2652
1450;329;329;4606;2834
1451;1800;1800;3936;0
1452;112;112;2330;1773
1453;5338;5338;391;206
1454;221;221;298;2594
1455;911;911;1762;0
1456;1318;1318;873;351
1457;2955;2955;1394;2945
1458;5507;5507;3150;1610
1459;541;541;1251;919
1460;387;387;828;967
1461;2238;2238;5000;341
1462;157;157;898;45
1463;1579;1579;2727;208
1464;9892;9892;1661;455
1465;2322;2322;3574;1064
1466;813;813;3175;1659
1467;1364;1364;4935;983
1468;1214;1214;3220;2253
1469;678;678;2289;623
1470;9654;9654;3139;989
1471;2467;2467;196;887
1472;161;161;4447;2245
1473;390;390;1923;1103
1474;1273;1273;1975;2459
1475;125;125;854;2664
1476;1209;1209;3079;1817
1477;9697;9697;4288;2329
1478;1017;1017;526;20
1479;335;335;3804;1011
1480;929;929;79;2785
1481;2067;2067;4216;2646
1482;2351;2351;112;2516
1483;1157;1157;4264;1104
1484;2260;2260;189;2874
1485;148;148;1586;736
1486;9805;9805;1011;1271
1487;230;230;2924;326
1488;2907;2907;1666;2155
1489;9444;9444;3740;197
1490;4550;4550;0;776
1491;1110;1110;1379;2237
1492;1052;1052;446;2230
1493;65;65;1126;567
1494;125;125;1902;2772
1495;1010;1010;2033;1884
1496;635;635;3798;2901
1497;2567;2567;2967;1113
1498;2066;2066;4719;2104
1499;1634;1634;3757;2669
1500;1136;1136;2398;308
1501;1465;1465;1847;921
1502;3834;3834;4385;1853
1503;1591;1591;2284;2716
1504;1146;1146;3292;1461
1505;1926;1926;4298;614
1506;1521;1521;4409;407
1507;200;200;4489;1730
1508;441;441;407;2315
1509;2343;2343;3417;543
1510;1032;1032;4444;776
1511;3091;3091;3684;1022
1512;1097;1097;1586;2924
1513;3721;3721;868;599
1514;397;397;4347;1135
1515;125;125;1171;1321
1516;501;501;1613;825
1517;1549;1549;4887;1941
1518;2904;2904;1635;335
1519;106;106;2538;2720
1520;3523;3523;74;2793
1521;1147;1147;2562;1333
1522;1530;1530;250;1828
1523;125;125;3269;2056
1524;4649;4649;4480;2847
1525;1651;1651;910;1753
1526;908;908;2692;1658
1527;2099;2099;4071;1678
1528;574;574;2545;1332
1529;270;270;4890;575
1530;848;848;3178;2763
1531;9647;9647;2887;703
1532;351;351;3360;224
1533;9938;9938;530;352
1534;2359;2359;3128;702
1535;2685;2685;1956;1863
1536;1523;1523;695;793
1537;3142;3142;1931;2801
1538;3637;3637;1820;2644
1539;1167;1167;4967;2259
1540;2378;2378;780;328
1541;9771;9771;2098;2542
1542;986;986;603;1012
1543;1194;1194;4508;1612
1544;1143;1143;2222;2421
1545;1092;1092;56;2754
1546;1621;1621;4794;2313
1547;2216;2216;4579;1631
1548;478;478;1779;2432
1549;517;517;730;1451
1550;1589;1589;420;1058
1551;196;196;3911;960
1552;578;578;1332;778
1553;1848;1848;2181;2384
1554;2789;2789;3683;2876
1555;1222;1222;4837;1976
1556;4620;4620;1596;2094
1557;9468;9468;1116;2797
1558;9466;9466;2805;2869
1559;511;511;2382;2708
1560;9904;9904;1605;1957
1561;1311;1311;337;1730
1562;863;863;1943;398
1563;1981;1981;517;1740
1564;218;218;238;780
1565;125;125;1557;72
1566;513;513;323;798
1567;2581;2581;1055;2572
1568;945;945;2740;2897
1569;1498;1498;2391;2273
1570;878;878;476;528
1571;1512;1512;4682;1025
1572;9414;9414;3067;2297
1573;1125;1125;1669;1076
1574;2911;2911;1757;2392
1575;477;477;2977;250
1576;7390;7390;1958;320
1577;1193;1193;743;216
1578;1005;1005;1046;2636
1579;9662;9662;4423;92
1580;1971;1971;1116;2440
1581;9976;9976;3113;26
1582;1056;1056;2292;2246
1583;5525;5525;1814;2882
1584;519;519;4470;2517
1585;3763;3763;4267;1803
1586;29;29;1555;2926
1587;2523;2523;1179;840
1588;667;667;1848;476
1589;1151;1151;3292;1727
1590;2698;2698;359;2769
1591;545;545;4579;996
1592;9911;9911;4126;2933
1593;7899;7899;4438;2937
1594;1381;1381;3361;302
1595;3314;3314;443;1599
1596;1559;1559;154;2144
1597;759;759;86;2273
1598;546;546;4269;831
1599;3380;3380;665;2348
1600;936;936;4733;1956
1601;9916;9916;3738;2742
1602;820;820;1838;0
1603;1280;1280;4389;1735
1604;10;10;254;159
1605;1812;1812;738;922
1606;3440;3440;844;32
1607;874;874;4664;1664
1608;9774;9774;423;2702
1609;1684;1684;705;2993
1610;592;592;2878;2625
1611;1020;1020;853;1656
1612;2722;2722;70;1878
1613;2358;2358;3382;161
1614;1685;1685;1265;2777
1615;1104;1104;3492;267
1616;747;747;3046;1930
1617;1207;1207;129;2484
1618;1261;1261;1048;516
1619;562;562;972;2223
1620;2531;2531;1;1978
1621;364;364;4145;147
1622;1173;1173;4208;2958
1623;3200;3200;4449;2095
1624;9451;9451;2031;1169
1625;324;324;898;2504
1626;1570;1570;555;2532
1627;125;125;3629;1093
1628;450;450;3308;2360
1629;993;993;1314;773
1630;922;922;2822;792
1631;1408;1408;1872;1107
1632;3729;3729;1475;1047
1633;3515;3515;380;2385
1634;340;340;4691;287
1635;764;764;2379;1136
1636;2966;2966;1275;2699
1637;1772;1772;2903;1292
1638;125;125;1559;2087
1639;3731;3731;3731;1959
1640;2646;2646;3423;2485
1641;3807;3807;1891;139
1642;22;22;756;223
1643;232;232;1142;847
1644;1198;1198;413;851
1645;365;365;4507;71
1646;125;125;4509;891
1647;2603;2603;744;835
1648;2154;2154;3172;156
1649;530;530;4869;2669
1650;1283;1283;2398;1373
1651;1099;1099;24;2115
1652;1698;1698;4038;1627
1653;1203;1203;3297;50
1654;566;566;664;1854
1655;1329;1329;587;2201
1656;788;788;4530;1999
1657;2218;2218;2390;647
1658;1126;1126;2357;565
1659;565;565;4356;656
1660;2987;2987;182;1390
1661;1822;1822;2215;1940
1662;2229;2229;1356;2304
1663;3720;3720;4110;1929
1664;1105;1105;2884;2201
1665;1230;1230;1005;1518
1666;773;773;4378;608
1667;1552;1552;4691;2493
1668;9902;9902;3692;2874
1669;3078;3078;3887;1640
1670;1929;1929;2217;569
1671;1713;1713;142;637
1672;789;789;3570;397
1673;8454;8454;2317;1558
1674;1141;1141;2549;2739
1675;1739;1739;3110;1838
1676;1602;1602;3389;2924
1677;1263;1263;3066;2110
1678;1116;1116;4035;1243
1679;9715;9715;2524;1098
1680;1307;1307;1390;1612
1681;9821;9821;4812;1697
1682;367;367;457;936
1683;1462;1462;3439;2691
1684;204;204;3916;2401
1685;2886;2886;2797;1677
1686;1039;1039;2834;2480
1687;980;980;3179;997
1688;223;223;4717;531
1689;1826;1826;4103;1087
1690;9643;9643;2850;2138
1691;976;976;3885;2052
1692;807;807;546;727
1693;2076;2076;2204;1430
1694;1120;1120;3549;568
1695;1691;1691;1208;544
1696;1486;1486;535;836
1697;1884;1884;1646;1295
1698;950;950;3258;1647
1699;1681;1681;4409;2333
1700;3955;3955;128;2463
1701;787;787;4819;1398
1702;9666;9666;2053;962
1703;1158;1158;4286;1516
1704;532;532;2652;2100
1705;3458;3458;2256;735
1706;1707;1707;1455;1718
1707;739;739;0;69
1708;1355;1355;1721;312
1709;263;263;747;15
1710;900;900;2554;2277
1711;871;871;2199;2889
1712;3371;3371;1463;2404
1713;683;683;3355;2467
1714;757;757;4833;2044
1715;2180;2180;2966;2694
1716;1068;1068;371;1003
1717;9570;9570;1757;2613
1718;1858;1858;2917;2529
1719;2018;2018;193;523
1720;1380;1380;86;2039
1721;1437;1437;3171;2612
1722;1823;1823;1199;1962
1723;3118;3118;4974;1786
1724;1504;1504;4589;2502
1725;2943;2943;1036;1517
1726;2148;2148;3332;2911
1727;3848;3848;4596;1967
1728;1275;1275;1366;989
1729;285;285;3769;2194
1730;2102;2102;1341;1002
1731;1872;1872;2575;1629
1732;1121;1121;1742;462
1733;2859;2859;4809;1910
1734;1794;1794;4627;1635
1735;2975;2975;2396;214
1736;3138;3138;1572;735
1737;2019;2019;2759;2421
1738;1153;1153;1171;590
1739;330;330;787;1665
1740;9462;9462;1660;2960
1741;1711;1711;1342;2410
1742;1449;1449;1113;684
1743;5933;5933;2431;516
1744;1455;1455;2162;1810
1745;9705;9705;1904;2249
1746;1775;1775;1387;2648
1747;898;898;530;1260
1748;9850;9850;713;2387
1749;30;30;4238;875
1750;1164;1164;3177;2541
1751;572;572;4451;1223
1752;419;419;2618;1766
1753;2699;2699;1453;1124
1754;2434;2434;3171;294
1755;738;738;1237;2852
1756;1946;1946;3929;2437
1757;4036;4036;4845;2176
1758;551;551;2464;2015
1759;366;366;3249;583
1760;1833;1833;4320;824
1761;1063;1063;2660;2751
1762;1206;1206;88;2081
1763;6618;6618;2952;1118
1764;688;688;4406;0
1765;624;624;4980;2013
1766;2592;2592;456;648
1767;1340;1340;1655;2426
1768;1796;1796;3729;494
1769;1664;1664;2437;832
1770;2241;2241;1394;1830
1771;1944;1944;2612;1959
1772;842;842;585;1583
1773;2892;2892;2130;2022
1774;9725;9725;3534;863
1775;713;713;3745;563
1776;2239;2239;2057;2629
1777;864;864;3768;1927
1778;1129;1129;2812;1445
1779;2005;2005;2684;2976
1780;1752;1752;0;252
1781;1070;1070;4650;1869
1782;1509;1509;2802;1651
1783;1657;1657;3883;2580
1784;1843;1843;2129;114
1785;1090;1090;591;2654
1786;1410;1410;1891;2779
1787;2027;2027;4957;2863
1788;771;771;289;2339
1789;4068;4068;1637;1616
1790;826;826;3389;1783
1791;907;907;3467;777
1792;1767;1767;1728;1559
1793;1086;1086;294;405
1794;729;729;2922;7
1795;1903;1903;1467;840
1796;7084;7084;4000;209
1797;1357;1357;1253;329
1798;1810;1810;3161;2567
1799;2093;2093;3026;1504
1800;9621;9621;2183;1162
1801;125;125;1447;2824
1802;248;248;4732;2154
1803;9941;9941;1801;427
1804;1191;1191;3276;557
1805;426;426;2843;1917
1806;674;674;565;957
1807;609;609;3865;2202
1808;5589;5589;488;902
1809;9360;9360;2920;560
1810;598;598;4427;665
1811;99;99;4180;925
1812;227;227;161;992
1813;754;754;2032;2200
1814;3029;3029;4780;1762
1815;992;992;3600;1714
1816;1705;1705;1517;2173
1817;2398;2398;3777;170
1818;1633;1633;2960;1967
1819;1411;1411;2361;1465
1820;2807;2807;2515;2234
1821;3912;3912;23;786
1822;872;872;167;87
1823;2072;2072;17;1878
1824;405;405;339;2049
1825;2438;2438;3971;1052
1826;2936;2936;4667;399
1827;1919;1919;2318;1177
1828;1581;1581;2663;2014
1829;246;246;663;23
1830;959;959;4534;354
1831;1270;1270;2491;2300
1832;1492;1492;3897;2361
1833;745;745;742;2942
1834;1268;1268;628;1814
1835;224;224;1237;429
1836;1553;1553;4918;2716
1837;2337;2337;1000;1223
1838;352;352;607;2023
1839;1387;1387;4286;1198
1840;1244;1244;26;1696
1841;2135;2135;3026;577
1842;464;464;4469;1960
1843;1597;1597;2370;1778
1844;404;404;2210;950
1845;4821;4821;4209;858
1846;1181;1181;3306;2785
1847;7072;7072;4696;2360
1848;580;580;514;1644
1849;816;816;4323;1294
1850;1211;1211;4950;1667
1851;1089;1089;222;38
1852;3776;3776;3294;1363
1853;1399;1399;800;1102
1854;2705;2705;510;2270
1855;743;743;2160;376
1856;301;301;1280;2736
1857;435;435;4715;275
1858;2078;2078;1461;1379
1859;2590;2590;4306;2505
1860;9350;9350;3177;1517
1861;2961;2961;3248;2780
1862;2441;2441;1201;187
1863;2513;2513;4826;879
1864;1405;1405;3386;206
1865;2546;2546;1935;1366
1866;3911;3911;283;1564
1867;1876;1876;4419;1051
1868;1911;1911;1403;386
1869;1345;1345;3543;1333
1870;1316;1316;3683;1999
1871;3687;3687;516;949
1872;1645;1645;3170;1148
1873;2580;2580;3675;768
1874;9345;9345;2334;2769
1875;2421;2421;4489;1657
1876;1050;1050;554;1826
1877;182;182;2798;1309
1878;2055;2055;2807;928
1879;2100;2100;1131;1190
1880;1569;1569;664;1267
1881;1124;1124;4971;1039
1882;3349;3349;1803;2534
1883;2426;2426;0;720
1884;502;502;3341;1356
1885;1573;1573;713;315
1886;1781;1781;4311;936
1887;3262;3262;4198;1259
1888;1106;1106;3096;671
1889;3293;3293;231;1437
1890;851;851;3469;693
1891;768;768;4957;2440
1892;588;588;203;2845
1893;2083;2083;4539;2518
1894;2353;2353;1301;2681
1895;701;701;1108;1916
1896;1590;1590;1779;389
1897;638;638;1825;1080
1898;1696;1696;4644;1571
1899;2744;2744;3984;2585
1900;1442;1442;275;2295
1901;703;703;3925;1734
1902;1431;1431;3887;1974
1903;1764;1764;3292;310
1904;1507;1507;1972;2295
1905;2482;2482;640;717
1906;415;415;4434;1891
1907;60;60;2052;594
1908;3436;3436;4620;1333
1909;1246;1246;3466;613
1910;430;430;1022;1550
1911;1225;1225;1605;1427
1912;1793;1793;3483;2348
1913;709;709;1907;188
1914;1868;1868;330;1238
1915;1786;1786;3641;477
1916;3339;3339;3206;246
1917;3647;3647;1444;2468
1918;2729;2729;2861;2524
1919;1231;1231;4112;2892
1920;261;261;4075;429
1921;1370;1370;2738;305
1922;1744;1744;2188;379
1923;9512;9512;4187;1949
1924;805;805;2935;639
1925;1347;1347;3586;2559
1926;1997;1997;3479;1105
1927;9775;9775;977;1630
1928;555;555;1869;1088
1929;1409;1409;2566;852
1930;1482;1482;555;1267
1931;653;653;2664;745
1932;552;552;911;2739
1933;1616;1616;3814;1343
1934;583;583;2532;1896
1935;1348;1348;2207;2533
1936;134;134;1777;2066
1937;1393;1393;1679;2223
1938;1448;1448;4832;1425
1939;1488;1488;2701;638
1940;2047;2047;1280;1424
1941;2623;2623;2258;342
1942;9524;9524;4578;2926
1943;234;234;4630;57
1944;1659;1659;4210;2888
1945;1276;1276;1864;2267
1946;1037;1037;1474;91
1947;456;456;3297;2657
1948;676;676;4209;1280
1949;1540;1540;2660;2203
1950;2352;2352;2902;1670
1951;1998;1998;334;921
1952;1135;1135;3965;1556
1953;1993;1993;531;1679
1954;989;989;4909;2156
1955;2259;2259;2537;1990
1956;1001;1001;1736;1354
1957;9877;9877;4700;25
1958;657;657;356;2671
1959;1977;1977;3386;2737
1960;2232;2232;2161;2613
1961;245;245;3456;260
1962;6116;6116;183;2506
1963;59;59;2054;481
1964;3627;3627;2910;2347
1965;125;125;3359;805
1966;1363;1363;693;1689
1967;3660;3660;4669;1004
1968;1501;1501;4375;0
1969;1210;1210;3124;1292
1970;273;273;1863;1705
1971;3962;3962;1527;1412
1972;1730;1730;1613;1023
1973;1510;1510;159;1042
1974;1722;1722;2832;1886
1975;642;642;1816;1468
1976;500;500;3161;87
1977;2190;2190;2559;379
1978;1349;1349;4978;322
1979;2236;2236;1071;2062
1980;1236;1236;2112;1373
1981;1148;1148;182;2467
1982;1344;1344;1769;1449
1983;1508;1508;4209;350
1984;637;637;4664;1886
1985;647;647;221;2182
1986;3105;3105;3700;345
1987;1724;1724;380;2189
1988;1709;1709;3905;1059
1989;111;111;4996;2188
1990;1051;1051;470;2907
1991;3141;3141;2078;1179
1992;1692;1692;1322;2041
1993;4166;4166;1446;2552
1994;1630;1630;539;1689
1995;2108;2108;2824;1025
1996;2517;2517;2075;1163
1997;1351;1351;2524;0
1998;1917;1917;1719;836
1999;2206;2206;851;2445
2000;1033;1033;1170;711
